url,domain,timestamp,content_preview,bills_mentioned,crawl_index,source
https://rollcall.com/,rollcall.com,20241201212201,"<!doctype html>
<html lang=""en-US"">
  <head><script type=""text/javascript"" src=""https://web-static.archive.org/_static/js/bundle-playback.js?v=FC38Hc5A"" charset=""utf-8""></script>
<script type=""text/javascript"" src=""https://web-static.archive.org/_static/js/wombat.js?v=txqj7nKC"" charset=""utf-8""></script>
<script>window.RufflePlayer=window.RufflePlayer||{};window.RufflePlayer.config={""autoplay"":""on"",""unmuteOverlay"":""hidden"",""showSwfDownload"":true};</script>
<script type=""text/javascript"" src=""http","['h3', 'h4', 'h2', 's3']",2024-51,common_crawl
https://rollcall.com:443/,rollcall.com,20241206111634,"<!doctype html>
<html lang=""en-US"">
  <head><script type=""text/javascript"" src=""https://web-static.archive.org/_static/js/bundle-playback.js?v=FC38Hc5A"" charset=""utf-8""></script>
<script type=""text/javascript"" src=""https://web-static.archive.org/_static/js/wombat.js?v=txqj7nKC"" charset=""utf-8""></script>
<script>window.RufflePlayer=window.RufflePlayer||{};window.RufflePlayer.config={""autoplay"":""on"",""unmuteOverlay"":""hidden"",""showSwfDownload"":true};</script>
<script type=""text/javascript"" src=""http","['h4', 'h2', 'H66', 's3', 'h3']",2024-51,common_crawl
http://rollcall.com,rollcall.com,20241207060535,"<!doctype html>
<html lang=""en-US"">
  <head><script type=""text/javascript"" src=""https://web-static.archive.org/_static/js/bundle-playback.js?v=FC38Hc5A"" charset=""utf-8""></script>
<script type=""text/javascript"" src=""https://web-static.archive.org/_static/js/wombat.js?v=txqj7nKC"" charset=""utf-8""></script>
<script>window.RufflePlayer=window.RufflePlayer||{};window.RufflePlayer.config={""autoplay"":""on"",""unmuteOverlay"":""hidden"",""showSwfDownload"":true};</script>
<script type=""text/javascript"" src=""http","['h4', 'h2', 'H66', 's3', 'h3']",2024-51,common_crawl
https://rollcall.com:443/,rollcall.com,20241207060535,"<!doctype html>
<html lang=""en-US"">
  <head><script type=""text/javascript"" src=""https://web-static.archive.org/_static/js/bundle-playback.js?v=FC38Hc5A"" charset=""utf-8""></script>
<script type=""text/javascript"" src=""https://web-static.archive.org/_static/js/wombat.js?v=txqj7nKC"" charset=""utf-8""></script>
<script>window.RufflePlayer=window.RufflePlayer||{};window.RufflePlayer.config={""autoplay"":""on"",""unmuteOverlay"":""hidden"",""showSwfDownload"":true};</script>
<script type=""text/javascript"" src=""http","['h4', 'h2', 'H66', 's3', 'h3']",2024-51,common_crawl
https://rollcall.com/2003/01/03/a-look-at-vermont/,rollcall.com,20241212110420,"<!doctype html>
<html lang=""en-US"">
  <head><script type=""text/javascript"" src=""https://web-static.archive.org/_static/js/bundle-playback.js?v=FC38Hc5A"" charset=""utf-8""></script>
<script type=""text/javascript"" src=""https://web-static.archive.org/_static/js/wombat.js?v=txqj7nKC"" charset=""utf-8""></script>
<script>window.RufflePlayer=window.RufflePlayer||{};window.RufflePlayer.config={""autoplay"":""on"",""unmuteOverlay"":""hidden"",""showSwfDownload"":true};</script>
<script type=""text/javascript"" src=""http","['h2', 's3', 'S3', 's 11', 'h3', 's 54']",2024-51,common_crawl
https://rollcall.com/2003/01/03/a-reluctant-warrior-matsui-takes-helm-at-dccc/,rollcall.com,20241210180347,"<!doctype html>
<html lang=""en-US"">
  <head><script type=""text/javascript"" src=""https://web-static.archive.org/_static/js/bundle-playback.js?v=FC38Hc5A"" charset=""utf-8""></script>
<script type=""text/javascript"" src=""https://web-static.archive.org/_static/js/wombat.js?v=txqj7nKC"" charset=""utf-8""></script>
<script>window.RufflePlayer=window.RufflePlayer||{};window.RufflePlayer.config={""autoplay"":""on"",""unmuteOverlay"":""hidden"",""showSwfDownload"":true};</script>
<script type=""text/javascript"" src=""http","['h3', 'S3', 'h2', 's3']",2024-51,common_crawl
https://rollcall.com/2003/01/03/coming-back-for-cole/,rollcall.com,20241203185127,"<!doctype html>
<html lang=""en-US"">
  <head><script type=""text/javascript"" src=""https://web-static.archive.org/_static/js/bundle-playback.js?v=FC38Hc5A"" charset=""utf-8""></script>
<script type=""text/javascript"" src=""https://web-static.archive.org/_static/js/wombat.js?v=txqj7nKC"" charset=""utf-8""></script>
<script>window.RufflePlayer=window.RufflePlayer||{};window.RufflePlayer.config={""autoplay"":""on"",""unmuteOverlay"":""hidden"",""showSwfDownload"":true};</script>
<script type=""text/javascript"" src=""http","['h3', 'S3', 'h2', 's3']",2024-51,common_crawl
https://rollcall.com/2003/01/03/house-to-maintain-ratios-at-status-quo/,rollcall.com,20241213175820,"<!doctype html>
<html lang=""en-US"">
  <head><script type=""text/javascript"" src=""https://web-static.archive.org/_static/js/bundle-playback.js?v=FC38Hc5A"" charset=""utf-8""></script>
<script type=""text/javascript"" src=""https://web-static.archive.org/_static/js/wombat.js?v=txqj7nKC"" charset=""utf-8""></script>
<script>window.RufflePlayer=window.RufflePlayer||{};window.RufflePlayer.config={""autoplay"":""on"",""unmuteOverlay"":""hidden"",""showSwfDownload"":true};</script>
<script type=""text/javascript"" src=""http","['h3', 'S3', 'h2', 's3']",2024-51,common_crawl
https://rollcall.com/2003/01/03/odd-year/,rollcall.com,20241212013713,"<!doctype html>
<html lang=""en-US"">
  <head><script type=""text/javascript"" src=""https://web-static.archive.org/_static/js/bundle-playback.js?v=FC38Hc5A"" charset=""utf-8""></script>
<script type=""text/javascript"" src=""https://web-static.archive.org/_static/js/wombat.js?v=txqj7nKC"" charset=""utf-8""></script>
<script>window.RufflePlayer=window.RufflePlayer||{};window.RufflePlayer.config={""autoplay"":""on"",""unmuteOverlay"":""hidden"",""showSwfDownload"":true};</script>
<script type=""text/javascript"" src=""http","['h3', 'S3', 'h2', 's3']",2024-51,common_crawl
https://rollcall.com/2003/01/03/roll-call-casualty-list-64/,rollcall.com,20241207032140,"<!doctype html>
<html lang=""en-US"">
  <head><script type=""text/javascript"" src=""https://web-static.archive.org/_static/js/bundle-playback.js?v=FC38Hc5A"" charset=""utf-8""></script>
<script type=""text/javascript"" src=""https://web-static.archive.org/_static/js/wombat.js?v=txqj7nKC"" charset=""utf-8""></script>
<script>window.RufflePlayer=window.RufflePlayer||{};window.RufflePlayer.config={""autoplay"":""on"",""unmuteOverlay"":""hidden"",""showSwfDownload"":true};</script>
<script type=""text/javascript"" src=""http","['h3', 'S3', 'h2', 's3']",2024-51,common_crawl
https://rollcall.com/2003/01/06/house-gop-leaders-to-create-select-committee-on-homeland-security/,rollcall.com,20241209041052,"<!doctype html>
<html lang=""en-US"">
  <head><script type=""text/javascript"" src=""https://web-static.archive.org/_static/js/bundle-playback.js?v=FC38Hc5A"" charset=""utf-8""></script>
<script type=""text/javascript"" src=""https://web-static.archive.org/_static/js/wombat.js?v=txqj7nKC"" charset=""utf-8""></script>
<script>window.RufflePlayer=window.RufflePlayer||{};window.RufflePlayer.config={""autoplay"":""on"",""unmuteOverlay"":""hidden"",""showSwfDownload"":true};</script>
<script type=""text/javascript"" src=""http","['h3', 'S3', 'h2', 's3']",2024-51,common_crawl
https://rollcall.com/2003/01/07/2004-democratic-party-game/,rollcall.com,20241202161257,"<!doctype html>
<html lang=""en-US"">
  <head><script type=""text/javascript"" src=""https://web-static.archive.org/_static/js/bundle-playback.js?v=FC38Hc5A"" charset=""utf-8""></script>
<script type=""text/javascript"" src=""https://web-static.archive.org/_static/js/wombat.js?v=txqj7nKC"" charset=""utf-8""></script>
<script>window.RufflePlayer=window.RufflePlayer||{};window.RufflePlayer.config={""autoplay"":""on"",""unmuteOverlay"":""hidden"",""showSwfDownload"":true};</script>
<script type=""text/javascript"" src=""http","['h3', 'h2', 's3']",2024-51,common_crawl
https://rollcall.com/2003/01/07/all-in-the-family-3/,rollcall.com,20241203173901,"<!doctype html>
<html lang=""en-US"">
  <head><script type=""text/javascript"" src=""https://web-static.archive.org/_static/js/bundle-playback.js?v=FC38Hc5A"" charset=""utf-8""></script>
<script type=""text/javascript"" src=""https://web-static.archive.org/_static/js/wombat.js?v=txqj7nKC"" charset=""utf-8""></script>
<script>window.RufflePlayer=window.RufflePlayer||{};window.RufflePlayer.config={""autoplay"":""on"",""unmuteOverlay"":""hidden"",""showSwfDownload"":true};</script>
<script type=""text/javascript"" src=""http","['h3', 'S3', 'h2', 's3']",2024-51,common_crawl
https://rollcall.com/2003/01/07/armed-services-finance-seats-snagged/,rollcall.com,20241213054848,"<!doctype html>
<html lang=""en-US"">
  <head><script type=""text/javascript"" src=""https://web-static.archive.org/_static/js/bundle-playback.js?v=FC38Hc5A"" charset=""utf-8""></script>
<script type=""text/javascript"" src=""https://web-static.archive.org/_static/js/wombat.js?v=txqj7nKC"" charset=""utf-8""></script>
<script>window.RufflePlayer=window.RufflePlayer||{};window.RufflePlayer.config={""autoplay"":""on"",""unmuteOverlay"":""hidden"",""showSwfDownload"":true};</script>
<script type=""text/javascript"" src=""http","['h3', 'S3', 'h2', 's3']",2024-51,common_crawl
https://rollcall.com/2003/01/07/byrds-of-a-feather/,rollcall.com,20241210191812,"<!doctype html>
<html lang=""en-US"">
  <head><script type=""text/javascript"" src=""https://web-static.archive.org/_static/js/bundle-playback.js?v=FC38Hc5A"" charset=""utf-8""></script>
<script type=""text/javascript"" src=""https://web-static.archive.org/_static/js/wombat.js?v=txqj7nKC"" charset=""utf-8""></script>
<script>window.RufflePlayer=window.RufflePlayer||{};window.RufflePlayer.config={""autoplay"":""on"",""unmuteOverlay"":""hidden"",""showSwfDownload"":true};</script>
<script type=""text/javascript"" src=""http","['h3', 'S3', 'h2', 's3']",2024-51,common_crawl
https://rollcall.com/2003/01/07/daschle-decides-against-presidential-bid/,rollcall.com,20241202172032,"<!doctype html>
<html lang=""en-US"">
  <head><script type=""text/javascript"" src=""https://web-static.archive.org/_static/js/bundle-playback.js?v=FC38Hc5A"" charset=""utf-8""></script>
<script type=""text/javascript"" src=""https://web-static.archive.org/_static/js/wombat.js?v=txqj7nKC"" charset=""utf-8""></script>
<script>window.RufflePlayer=window.RufflePlayer||{};window.RufflePlayer.config={""autoplay"":""on"",""unmuteOverlay"":""hidden"",""showSwfDownload"":true};</script>
<script type=""text/javascript"" src=""http","['h3', 'S3', 'h2', 's3']",2024-51,common_crawl
https://rollcall.com/2003/01/07/ethics-panel-gets-new-chairman-top-aide/,rollcall.com,20241210120111,"<!doctype html>
<html lang=""en-US"">
  <head><script type=""text/javascript"" src=""https://web-static.archive.org/_static/js/bundle-playback.js?v=FC38Hc5A"" charset=""utf-8""></script>
<script type=""text/javascript"" src=""https://web-static.archive.org/_static/js/wombat.js?v=txqj7nKC"" charset=""utf-8""></script>
<script>window.RufflePlayer=window.RufflePlayer||{};window.RufflePlayer.config={""autoplay"":""on"",""unmuteOverlay"":""hidden"",""showSwfDownload"":true};</script>
<script type=""text/javascript"" src=""http","['h3', 'S3', 'h2', 's3']",2024-51,common_crawl
https://rollcall.com/2003/01/07/hasterts-friendly-reminder-follow-the-rules-please/,rollcall.com,20241203231351,"<!doctype html>
<html lang=""en-US"">
  <head><script type=""text/javascript"" src=""https://web-static.archive.org/_static/js/bundle-playback.js?v=FC38Hc5A"" charset=""utf-8""></script>
<script type=""text/javascript"" src=""https://web-static.archive.org/_static/js/wombat.js?v=txqj7nKC"" charset=""utf-8""></script>
<script>window.RufflePlayer=window.RufflePlayer||{};window.RufflePlayer.config={""autoplay"":""on"",""unmuteOverlay"":""hidden"",""showSwfDownload"":true};</script>
<script type=""text/javascript"" src=""http","['h3', 'S3', 'h2', 's3']",2024-51,common_crawl
https://rollcall.com/2003/01/07/house-rules-spark-fight/,rollcall.com,20241203023933,"<!doctype html>
<html lang=""en-US"">
  <head><script type=""text/javascript"" src=""https://web-static.archive.org/_static/js/bundle-playback.js?v=FC38Hc5A"" charset=""utf-8""></script>
<script type=""text/javascript"" src=""https://web-static.archive.org/_static/js/wombat.js?v=txqj7nKC"" charset=""utf-8""></script>
<script>window.RufflePlayer=window.RufflePlayer||{};window.RufflePlayer.config={""autoplay"":""on"",""unmuteOverlay"":""hidden"",""showSwfDownload"":true};</script>
<script type=""text/javascript"" src=""http","['h3', 'S3', 'h2', 's3']",2024-51,common_crawl
https://rollcall.com/2003/01/07/margins-pose-big-challenges-for-frist-daschle/,rollcall.com,20241206071543,"<!doctype html>
<html lang=""en-US"">
  <head><script type=""text/javascript"" src=""https://web-static.archive.org/_static/js/bundle-playback.js?v=FC38Hc5A"" charset=""utf-8""></script>
<script type=""text/javascript"" src=""https://web-static.archive.org/_static/js/wombat.js?v=txqj7nKC"" charset=""utf-8""></script>
<script>window.RufflePlayer=window.RufflePlayer||{};window.RufflePlayer.config={""autoplay"":""on"",""unmuteOverlay"":""hidden"",""showSwfDownload"":true};</script>
<script type=""text/javascript"" src=""http","['h3', 'S3', 'h2', 's3']",2024-51,common_crawl
https://rollcall.com/2003/01/06/new-congress-first-order-of-business-finishing-the-107ths-appropriations-work/,rollcall.com,20241107225516,"<!doctype html>
<html lang=""en-US"">
  <head><script type=""text/javascript"" src=""https://web-static.archive.org/_static/js/bundle-playback.js?v=FC38Hc5A"" charset=""utf-8""></script>
<script type=""text/javascript"" src=""https://web-static.archive.org/_static/js/wombat.js?v=txqj7nKC"" charset=""utf-8""></script>
<script>window.RufflePlayer=window.RufflePlayer||{};window.RufflePlayer.config={""autoplay"":""on"",""unmuteOverlay"":""hidden"",""showSwfDownload"":true};</script>
<script type=""text/javascript"" src=""http","['h3', 'S3', 'h2', 's3']",2024-46,common_crawl
https://rollcall.com/2003/01/07/committee-time/,rollcall.com,20241105173109,"<!doctype html>
<html lang=""en-US"">
  <head><script type=""text/javascript"" src=""https://web-static.archive.org/_static/js/bundle-playback.js?v=FC38Hc5A"" charset=""utf-8""></script>
<script type=""text/javascript"" src=""https://web-static.archive.org/_static/js/wombat.js?v=txqj7nKC"" charset=""utf-8""></script>
<script>window.RufflePlayer=window.RufflePlayer||{};window.RufflePlayer.config={""autoplay"":""on"",""unmuteOverlay"":""hidden"",""showSwfDownload"":true};</script>
<script type=""text/javascript"" src=""http","['h3', 'h2', 's3']",2024-46,common_crawl
https://rollcall.com/2003/01/07/democrats-make-temporary-exodus-from-headquarters/,rollcall.com,20241112011103,"<!doctype html>
<html lang=""en-US"">
  <head><script type=""text/javascript"" src=""https://web-static.archive.org/_static/js/bundle-playback.js?v=FC38Hc5A"" charset=""utf-8""></script>
<script type=""text/javascript"" src=""https://web-static.archive.org/_static/js/wombat.js?v=txqj7nKC"" charset=""utf-8""></script>
<script>window.RufflePlayer=window.RufflePlayer||{};window.RufflePlayer.config={""autoplay"":""on"",""unmuteOverlay"":""hidden"",""showSwfDownload"":true};</script>
<script type=""text/javascript"" src=""http","['h3', 'S3', 'h2', 's3']",2024-46,common_crawl
https://rollcall.com/2003/01/07/musical-makeover/,rollcall.com,20241113151542,"<!doctype html>
<html lang=""en-US"">
  <head><script type=""text/javascript"" src=""https://web-static.archive.org/_static/js/bundle-playback.js?v=FC38Hc5A"" charset=""utf-8""></script>
<script type=""text/javascript"" src=""https://web-static.archive.org/_static/js/wombat.js?v=txqj7nKC"" charset=""utf-8""></script>
<script>window.RufflePlayer=window.RufflePlayer||{};window.RufflePlayer.config={""autoplay"":""on"",""unmuteOverlay"":""hidden"",""showSwfDownload"":true};</script>
<script type=""text/javascript"" src=""http","['h3', 'S3', 'h2', 's3']",2024-46,common_crawl
https://rollcall.com/2003/01/07/past-and-present-converge-as-108th-congress-convenes/,rollcall.com,20241108171829,"<!doctype html>
<html lang=""en-US"">
  <head><script type=""text/javascript"" src=""https://web-static.archive.org/_static/js/bundle-playback.js?v=FC38Hc5A"" charset=""utf-8""></script>
<script type=""text/javascript"" src=""https://web-static.archive.org/_static/js/wombat.js?v=txqj7nKC"" charset=""utf-8""></script>
<script>window.RufflePlayer=window.RufflePlayer||{};window.RufflePlayer.config={""autoplay"":""on"",""unmuteOverlay"":""hidden"",""showSwfDownload"":true};</script>
<script type=""text/javascript"" src=""http","['h3', 'S3', 'h2', 's3']",2024-46,common_crawl
https://rollcall.com/2003/01/07/senate-immediately-faces-a-stalemate/,rollcall.com,20241103134210,"<!doctype html>
<html lang=""en-US"">
  <head><script type=""text/javascript"" src=""https://web-static.archive.org/_static/js/bundle-playback.js?v=FC38Hc5A"" charset=""utf-8""></script>
<script type=""text/javascript"" src=""https://web-static.archive.org/_static/js/wombat.js?v=txqj7nKC"" charset=""utf-8""></script>
<script>window.RufflePlayer=window.RufflePlayer||{};window.RufflePlayer.config={""autoplay"":""on"",""unmuteOverlay"":""hidden"",""showSwfDownload"":true};</script>
<script type=""text/javascript"" src=""http","['h3', 's 51', 'h2', 's3', 'S3', 's 11', 's 19']",2024-46,common_crawl
http://rollcall.com,rollcall.com,20241003234854,"<!doctype html>
<html lang=""en-US"">
  <head><script type=""text/javascript"" src=""https://web-static.archive.org/_static/js/bundle-playback.js?v=FC38Hc5A"" charset=""utf-8""></script>
<script type=""text/javascript"" src=""https://web-static.archive.org/_static/js/wombat.js?v=txqj7nKC"" charset=""utf-8""></script>
<script>window.RufflePlayer=window.RufflePlayer||{};window.RufflePlayer.config={""autoplay"":""on"",""unmuteOverlay"":""hidden"",""showSwfDownload"":true};</script>
<script type=""text/javascript"" src=""http","['s 2007', 'h4', 'h2', 's3', 'h3']",2024-42,common_crawl
https://rollcall.com:443/,rollcall.com,20241003234855,"<!doctype html>
<html lang=""en-US"">
  <head><script type=""text/javascript"" src=""https://web-static.archive.org/_static/js/bundle-playback.js?v=FC38Hc5A"" charset=""utf-8""></script>
<script type=""text/javascript"" src=""https://web-static.archive.org/_static/js/wombat.js?v=txqj7nKC"" charset=""utf-8""></script>
<script>window.RufflePlayer=window.RufflePlayer||{};window.RufflePlayer.config={""autoplay"":""on"",""unmuteOverlay"":""hidden"",""showSwfDownload"":true};</script>
<script type=""text/javascript"" src=""http","['s 2007', 'h4', 'h2', 's3', 'h3']",2024-42,common_crawl
https://rollcall.com/,rollcall.com,20241006173314,"<!doctype html>
<html lang=""en-US"">
  <head><script type=""text/javascript"" src=""https://web-static.archive.org/_static/js/bundle-playback.js?v=FC38Hc5A"" charset=""utf-8""></script>
<script type=""text/javascript"" src=""https://web-static.archive.org/_static/js/wombat.js?v=txqj7nKC"" charset=""utf-8""></script>
<script>window.RufflePlayer=window.RufflePlayer||{};window.RufflePlayer.config={""autoplay"":""on"",""unmuteOverlay"":""hidden"",""showSwfDownload"":true};</script>
<script type=""text/javascript"" src=""http","['s 2007', 'h4', 'h2', 's3', 'h3']",2024-42,common_crawl
https://rollcall.com/2003/01/03/campaign-spending-dropped-25-percent/,rollcall.com,20241010043113,"<!doctype html>
<html lang=""en-US"">
  <head><script type=""text/javascript"" src=""https://web-static.archive.org/_static/js/bundle-playback.js?v=FC38Hc5A"" charset=""utf-8""></script>
<script type=""text/javascript"" src=""https://web-static.archive.org/_static/js/wombat.js?v=txqj7nKC"" charset=""utf-8""></script>
<script>window.RufflePlayer=window.RufflePlayer||{};window.RufflePlayer.config={""autoplay"":""on"",""unmuteOverlay"":""hidden"",""showSwfDownload"":true};</script>
<script type=""text/javascript"" src=""http","['h3', 'S3', 'h2', 's3']",2024-42,common_crawl
https://rollcall.com/2003/01/03/in-with-the-new/,rollcall.com,20241015061729,"<!doctype html>
<html lang=""en-US"">
  <head><script type=""text/javascript"" src=""https://web-static.archive.org/_static/js/bundle-playback.js?v=FC38Hc5A"" charset=""utf-8""></script>
<script type=""text/javascript"" src=""https://web-static.archive.org/_static/js/wombat.js?v=txqj7nKC"" charset=""utf-8""></script>
<script>window.RufflePlayer=window.RufflePlayer||{};window.RufflePlayer.config={""autoplay"":""on"",""unmuteOverlay"":""hidden"",""showSwfDownload"":true};</script>
<script type=""text/javascript"" src=""http","['h3', 'S3', 'h2', 's3']",2024-42,common_crawl
https://rollcall.com/2003/01/03/kyl-viewed-life-through-lens-of-camera/,rollcall.com,20241009124610,"<!doctype html>
<html lang=""en-US"">
  <head><script type=""text/javascript"" src=""https://web-static.archive.org/_static/js/bundle-playback.js?v=FC38Hc5A"" charset=""utf-8""></script>
<script type=""text/javascript"" src=""https://web-static.archive.org/_static/js/wombat.js?v=txqj7nKC"" charset=""utf-8""></script>
<script>window.RufflePlayer=window.RufflePlayer||{};window.RufflePlayer.config={""autoplay"":""on"",""unmuteOverlay"":""hidden"",""showSwfDownload"":true};</script>
<script type=""text/javascript"" src=""http","['h3', 'S3', 'h2', 's3']",2024-42,common_crawl
https://rollcall.com/2003/01/03/lott-likely-to-get-rules-chairmanship/,rollcall.com,20241008063312,"<!doctype html>
<html lang=""en-US"">
  <head><script type=""text/javascript"" src=""https://web-static.archive.org/_static/js/bundle-playback.js?v=FC38Hc5A"" charset=""utf-8""></script>
<script type=""text/javascript"" src=""https://web-static.archive.org/_static/js/wombat.js?v=txqj7nKC"" charset=""utf-8""></script>
<script>window.RufflePlayer=window.RufflePlayer||{};window.RufflePlayer.config={""autoplay"":""on"",""unmuteOverlay"":""hidden"",""showSwfDownload"":true};</script>
<script type=""text/javascript"" src=""http","['h3', 'S3', 'h2', 's3']",2024-42,common_crawl
https://rollcall.com/2003/01/03/unguided-missile/,rollcall.com,20241012043200,"<!doctype html>
<html lang=""en-US"">
  <head><script type=""text/javascript"" src=""https://web-static.archive.org/_static/js/bundle-playback.js?v=FC38Hc5A"" charset=""utf-8""></script>
<script type=""text/javascript"" src=""https://web-static.archive.org/_static/js/wombat.js?v=txqj7nKC"" charset=""utf-8""></script>
<script>window.RufflePlayer=window.RufflePlayer||{};window.RufflePlayer.config={""autoplay"":""on"",""unmuteOverlay"":""hidden"",""showSwfDownload"":true};</script>
<script type=""text/javascript"" src=""http","['h3', 'h2', 's 54', 's3']",2024-42,common_crawl
https://rollcall.com/2003/01/07/daschles-reversal-on-bid-stuns-aides-colleagues/,rollcall.com,20241009202640,"<!doctype html>
<html lang=""en-US"">
  <head><script type=""text/javascript"" src=""https://web-static.archive.org/_static/js/bundle-playback.js?v=FC38Hc5A"" charset=""utf-8""></script>
<script type=""text/javascript"" src=""https://web-static.archive.org/_static/js/wombat.js?v=txqj7nKC"" charset=""utf-8""></script>
<script>window.RufflePlayer=window.RufflePlayer||{};window.RufflePlayer.config={""autoplay"":""on"",""unmuteOverlay"":""hidden"",""showSwfDownload"":true};</script>
<script type=""text/javascript"" src=""http","['h3', 'S3', 'h2', 's3']",2024-42,common_crawl
https://rollcall.com/2003/01/07/frist-adds-ex-baker-aide-as-top-floor-staffer/,rollcall.com,20241007071810,"<!doctype html>
<html lang=""en-US"">
  <head><script type=""text/javascript"" src=""https://web-static.archive.org/_static/js/bundle-playback.js?v=FC38Hc5A"" charset=""utf-8""></script>
<script type=""text/javascript"" src=""https://web-static.archive.org/_static/js/wombat.js?v=txqj7nKC"" charset=""utf-8""></script>
<script>window.RufflePlayer=window.RufflePlayer||{};window.RufflePlayer.config={""autoplay"":""on"",""unmuteOverlay"":""hidden"",""showSwfDownload"":true};</script>
<script type=""text/javascript"" src=""http","['h3', 'S3', 'h2', 's3']",2024-42,common_crawl
https://rollcall.com/2003/01/07/hoyer-taps-lewis/,rollcall.com,20241009055131,"<!doctype html>
<html lang=""en-US"">
  <head><script type=""text/javascript"" src=""https://web-static.archive.org/_static/js/bundle-playback.js?v=FC38Hc5A"" charset=""utf-8""></script>
<script type=""text/javascript"" src=""https://web-static.archive.org/_static/js/wombat.js?v=txqj7nKC"" charset=""utf-8""></script>
<script>window.RufflePlayer=window.RufflePlayer||{};window.RufflePlayer.config={""autoplay"":""on"",""unmuteOverlay"":""hidden"",""showSwfDownload"":true};</script>
<script type=""text/javascript"" src=""http","['h3', 'S3', 'h2', 's3']",2024-42,common_crawl
https://rollcall.com/2003/01/07/leadership-forum-returns-1-million/,rollcall.com,20241005135533,"<!doctype html>
<html lang=""en-US"">
  <head><script type=""text/javascript"" src=""https://web-static.archive.org/_static/js/bundle-playback.js?v=FC38Hc5A"" charset=""utf-8""></script>
<script type=""text/javascript"" src=""https://web-static.archive.org/_static/js/wombat.js?v=txqj7nKC"" charset=""utf-8""></script>
<script>window.RufflePlayer=window.RufflePlayer||{};window.RufflePlayer.config={""autoplay"":""on"",""unmuteOverlay"":""hidden"",""showSwfDownload"":true};</script>
<script type=""text/javascript"" src=""http","['h3', 'S3', 'h2', 's3']",2024-42,common_crawl
https://rollcall.com/2003/01/07/most-americans-want-economic-stimulus-policies/,rollcall.com,20241005215218,"<!doctype html>
<html lang=""en-US"">
  <head><script type=""text/javascript"" src=""https://web-static.archive.org/_static/js/bundle-playback.js?v=FC38Hc5A"" charset=""utf-8""></script>
<script type=""text/javascript"" src=""https://web-static.archive.org/_static/js/wombat.js?v=txqj7nKC"" charset=""utf-8""></script>
<script>window.RufflePlayer=window.RufflePlayer||{};window.RufflePlayer.config={""autoplay"":""on"",""unmuteOverlay"":""hidden"",""showSwfDownload"":true};</script>
<script type=""text/javascript"" src=""http","['h3', 'S3', 'h2', 's3']",2024-42,common_crawl
https://rollcall.com/2003/01/07/power-play/,rollcall.com,20241004092133,"<!doctype html>
<html lang=""en-US"">
  <head><script type=""text/javascript"" src=""https://web-static.archive.org/_static/js/bundle-playback.js?v=FC38Hc5A"" charset=""utf-8""></script>
<script type=""text/javascript"" src=""https://web-static.archive.org/_static/js/wombat.js?v=txqj7nKC"" charset=""utf-8""></script>
<script>window.RufflePlayer=window.RufflePlayer||{};window.RufflePlayer.config={""autoplay"":""on"",""unmuteOverlay"":""hidden"",""showSwfDownload"":true};</script>
<script type=""text/javascript"" src=""http","['s 2007', 'h2', 's3', 'S3', 'h3']",2024-42,common_crawl
https://rollcall.com:443/,rollcall.com,20240803105740,"<!doctype html>
<html lang=""en-US"">
  <head><script type=""text/javascript"" src=""https://web-static.archive.org/_static/js/bundle-playback.js?v=FC38Hc5A"" charset=""utf-8""></script>
<script type=""text/javascript"" src=""https://web-static.archive.org/_static/js/wombat.js?v=txqj7nKC"" charset=""utf-8""></script>
<script>window.RufflePlayer=window.RufflePlayer||{};window.RufflePlayer.config={""autoplay"":""on"",""unmuteOverlay"":""hidden"",""showSwfDownload"":true};</script>
<script type=""text/javascript"" src=""http","['h3', 'h4', 'h2', 's3']",2024-33,common_crawl
https://rollcall.com:443/,rollcall.com,20240809220044,"<!doctype html>
<html lang=""en-US"">
  <head><script type=""text/javascript"" src=""https://web-static.archive.org/_static/js/bundle-playback.js?v=FC38Hc5A"" charset=""utf-8""></script>
<script type=""text/javascript"" src=""https://web-static.archive.org/_static/js/wombat.js?v=txqj7nKC"" charset=""utf-8""></script>
<script>window.RufflePlayer=window.RufflePlayer||{};window.RufflePlayer.config={""autoplay"":""on"",""unmuteOverlay"":""hidden"",""showSwfDownload"":true};</script>
<script type=""text/javascript"" src=""http","['h3', 'h4', 'h2', 's3']",2024-33,common_crawl
https://rollcall.com/,rollcall.com,20240809223058,"<!doctype html>
<html lang=""en-US"">
  <head><script type=""text/javascript"" src=""https://web-static.archive.org/_static/js/bundle-playback.js?v=FC38Hc5A"" charset=""utf-8""></script>
<script type=""text/javascript"" src=""https://web-static.archive.org/_static/js/wombat.js?v=txqj7nKC"" charset=""utf-8""></script>
<script>window.RufflePlayer=window.RufflePlayer||{};window.RufflePlayer.config={""autoplay"":""on"",""unmuteOverlay"":""hidden"",""showSwfDownload"":true};</script>
<script type=""text/javascript"" src=""http","['h3', 'h4', 'h2', 's3']",2024-33,common_crawl
https://rollcall.com/2003/01/03/boehner-tells-his-side-of-the-tape-case/,rollcall.com,20240808175950,"<!doctype html>
<html lang=""en-US"">
  <head><script type=""text/javascript"" src=""https://web-static.archive.org/_static/js/bundle-playback.js?v=FC38Hc5A"" charset=""utf-8""></script>
<script type=""text/javascript"" src=""https://web-static.archive.org/_static/js/wombat.js?v=txqj7nKC"" charset=""utf-8""></script>
<script>window.RufflePlayer=window.RufflePlayer||{};window.RufflePlayer.config={""autoplay"":""on"",""unmuteOverlay"":""hidden"",""showSwfDownload"":true};</script>
<script type=""text/javascript"" src=""http","['h3', 'S3', 'h2', 's3']",2024-33,common_crawl
https://rollcall.com/2003/01/07/house-democrats-stimulus-plan-mirrors-baucus-efforts-in-senate/,rollcall.com,20240810162321,"<!doctype html>
<html lang=""en-US"">
  <head><script type=""text/javascript"" src=""https://web-static.archive.org/_static/js/bundle-playback.js?v=FC38Hc5A"" charset=""utf-8""></script>
<script type=""text/javascript"" src=""https://web-static.archive.org/_static/js/wombat.js?v=txqj7nKC"" charset=""utf-8""></script>
<script>window.RufflePlayer=window.RufflePlayer||{};window.RufflePlayer.config={""autoplay"":""on"",""unmuteOverlay"":""hidden"",""showSwfDownload"":true};</script>
<script type=""text/javascript"" src=""http","['h3', 'S3', 'h2', 's3']",2024-33,common_crawl
https://rollcall.com/2003/01/07/one-term-rep-cremeans-dies/,rollcall.com,20240810225059,"<!doctype html>
<html lang=""en-US"">
  <head><script type=""text/javascript"" src=""https://web-static.archive.org/_static/js/bundle-playback.js?v=FC38Hc5A"" charset=""utf-8""></script>
<script type=""text/javascript"" src=""https://web-static.archive.org/_static/js/wombat.js?v=txqj7nKC"" charset=""utf-8""></script>
<script>window.RufflePlayer=window.RufflePlayer||{};window.RufflePlayer.config={""autoplay"":""on"",""unmuteOverlay"":""hidden"",""showSwfDownload"":true};</script>
<script type=""text/javascript"" src=""http","['h3', 'S3', 'h2', 's3']",2024-33,common_crawl
https://rollcall.com/2003/01/09/senate-passes-ninth-continuing-resolution/,rollcall.com,20240803044050,"<!doctype html>
<html lang=""en-US"">
  <head><script type=""text/javascript"" src=""https://web-static.archive.org/_static/js/bundle-playback.js?v=FC38Hc5A"" charset=""utf-8""></script>
<script type=""text/javascript"" src=""https://web-static.archive.org/_static/js/wombat.js?v=txqj7nKC"" charset=""utf-8""></script>
<script>window.RufflePlayer=window.RufflePlayer||{};window.RufflePlayer.config={""autoplay"":""on"",""unmuteOverlay"":""hidden"",""showSwfDownload"":true};</script>
<script type=""text/javascript"" src=""http","['h3', 'S3', 'h2', 's3']",2024-33,common_crawl
https://rollcall.com/2003/01/10/corruption-fallout-lawyers-at-odds-with-accountants/,rollcall.com,20240808101846,"<!doctype html>
<html lang=""en-US"">
  <head><script type=""text/javascript"" src=""https://web-static.archive.org/_static/js/bundle-playback.js?v=FC38Hc5A"" charset=""utf-8""></script>
<script type=""text/javascript"" src=""https://web-static.archive.org/_static/js/wombat.js?v=txqj7nKC"" charset=""utf-8""></script>
<script>window.RufflePlayer=window.RufflePlayer||{};window.RufflePlayer.config={""autoplay"":""on"",""unmuteOverlay"":""hidden"",""showSwfDownload"":true};</script>
<script type=""text/javascript"" src=""http","['h3', 'h2', 's3']",2024-33,common_crawl
https://rollcall.com/2003/01/10/delays-club-for-growth-donation-angers-moderate-republicans/,rollcall.com,20240807051437,"<!doctype html>
<html lang=""en-US"">
  <head><script type=""text/javascript"" src=""https://web-static.archive.org/_static/js/bundle-playback.js?v=FC38Hc5A"" charset=""utf-8""></script>
<script type=""text/javascript"" src=""https://web-static.archive.org/_static/js/wombat.js?v=txqj7nKC"" charset=""utf-8""></script>
<script>window.RufflePlayer=window.RufflePlayer||{};window.RufflePlayer.config={""autoplay"":""on"",""unmuteOverlay"":""hidden"",""showSwfDownload"":true};</script>
<script type=""text/javascript"" src=""http","['h3', 'S3', 'h2', 's3']",2024-33,common_crawl
https://rollcall.com/2003/01/14/hill-aides-depart-as-pentagon-calls-up-troops/,rollcall.com,20240812130744,"<!doctype html>
<html lang=""en-US"">
  <head><script type=""text/javascript"" src=""https://web-static.archive.org/_static/js/bundle-playback.js?v=FC38Hc5A"" charset=""utf-8""></script>
<script type=""text/javascript"" src=""https://web-static.archive.org/_static/js/wombat.js?v=txqj7nKC"" charset=""utf-8""></script>
<script>window.RufflePlayer=window.RufflePlayer||{};window.RufflePlayer.config={""autoplay"":""on"",""unmuteOverlay"":""hidden"",""showSwfDownload"":true};</script>
<script type=""text/javascript"" src=""http","['h3', 'S3', 'h2', 's3']",2024-33,common_crawl
https://rollcall.com/2003/01/14/just-your-average-office-exorcism/,rollcall.com,20240811002019,"<!doctype html>
<html lang=""en-US"">
  <head><script type=""text/javascript"" src=""https://web-static.archive.org/_static/js/bundle-playback.js?v=FC38Hc5A"" charset=""utf-8""></script>
<script type=""text/javascript"" src=""https://web-static.archive.org/_static/js/wombat.js?v=txqj7nKC"" charset=""utf-8""></script>
<script>window.RufflePlayer=window.RufflePlayer||{};window.RufflePlayer.config={""autoplay"":""on"",""unmuteOverlay"":""hidden"",""showSwfDownload"":true};</script>
<script type=""text/javascript"" src=""http","['h3', 'S3', 'h2', 's3']",2024-33,common_crawl
https://rollcall.com/2003/01/15/illinois-moseley-braun-to-reveal-political-plans/,rollcall.com,20240810225742,"<!doctype html>
<html lang=""en-US"">
  <head><script type=""text/javascript"" src=""https://web-static.archive.org/_static/js/bundle-playback.js?v=FC38Hc5A"" charset=""utf-8""></script>
<script type=""text/javascript"" src=""https://web-static.archive.org/_static/js/wombat.js?v=txqj7nKC"" charset=""utf-8""></script>
<script>window.RufflePlayer=window.RufflePlayer||{};window.RufflePlayer.config={""autoplay"":""on"",""unmuteOverlay"":""hidden"",""showSwfDownload"":true};</script>
<script type=""text/javascript"" src=""http","['h3', 'S3', 'h2', 's3']",2024-33,common_crawl
https://rollcall.com/2003/01/15/senate-finally-strikes-a-deal/,rollcall.com,20240810171121,"<!doctype html>
<html lang=""en-US"">
  <head><script type=""text/javascript"" src=""https://web-static.archive.org/_static/js/bundle-playback.js?v=FC38Hc5A"" charset=""utf-8""></script>
<script type=""text/javascript"" src=""https://web-static.archive.org/_static/js/wombat.js?v=txqj7nKC"" charset=""utf-8""></script>
<script>window.RufflePlayer=window.RufflePlayer||{};window.RufflePlayer.config={""autoplay"":""on"",""unmuteOverlay"":""hidden"",""showSwfDownload"":true};</script>
<script type=""text/javascript"" src=""http","['h3', 'S3', 'h2', 's3']",2024-33,common_crawl
https://rollcall.com/2003/01/17/house-retreating-to-west-virginia-to-learn-to-play-nice/,rollcall.com,20240814034309,"<!doctype html>
<html lang=""en-US"">
  <head><script type=""text/javascript"" src=""https://web-static.archive.org/_static/js/bundle-playback.js?v=FC38Hc5A"" charset=""utf-8""></script>
<script type=""text/javascript"" src=""https://web-static.archive.org/_static/js/wombat.js?v=txqj7nKC"" charset=""utf-8""></script>
<script>window.RufflePlayer=window.RufflePlayer||{};window.RufflePlayer.config={""autoplay"":""on"",""unmuteOverlay"":""hidden"",""showSwfDownload"":true};</script>
<script type=""text/javascript"" src=""http","['h3', 'S3', 'h2', 's3']",2024-33,common_crawl
https://rollcall.com/2003/01/17/illinois-race-changes-without-carol-moseley-braun/,rollcall.com,20240808020245,"<!doctype html>
<html lang=""en-US"">
  <head><script type=""text/javascript"" src=""https://web-static.archive.org/_static/js/bundle-playback.js?v=FC38Hc5A"" charset=""utf-8""></script>
<script type=""text/javascript"" src=""https://web-static.archive.org/_static/js/wombat.js?v=txqj7nKC"" charset=""utf-8""></script>
<script>window.RufflePlayer=window.RufflePlayer||{};window.RufflePlayer.config={""autoplay"":""on"",""unmuteOverlay"":""hidden"",""showSwfDownload"":true};</script>
<script type=""text/javascript"" src=""http","['h3', 'S3', 'h2', 's3']",2024-33,common_crawl
https://rollcall.com/2003/01/17/senate-e-nightmares/,rollcall.com,20240811064344,"<!doctype html>
<html lang=""en-US"">
  <head><script type=""text/javascript"" src=""https://web-static.archive.org/_static/js/bundle-playback.js?v=FC38Hc5A"" charset=""utf-8""></script>
<script type=""text/javascript"" src=""https://web-static.archive.org/_static/js/wombat.js?v=txqj7nKC"" charset=""utf-8""></script>
<script>window.RufflePlayer=window.RufflePlayer||{};window.RufflePlayer.config={""autoplay"":""on"",""unmuteOverlay"":""hidden"",""showSwfDownload"":true};</script>
<script type=""text/javascript"" src=""http","['h3', 'S3', 'h2', 's3']",2024-33,common_crawl
https://rollcall.com/2003/01/23/the-political-education-of-chief-gainer/,rollcall.com,20240815121816,"<!doctype html>
<html lang=""en-US"">
  <head><script type=""text/javascript"" src=""https://web-static.archive.org/_static/js/bundle-playback.js?v=FC38Hc5A"" charset=""utf-8""></script>
<script type=""text/javascript"" src=""https://web-static.archive.org/_static/js/wombat.js?v=txqj7nKC"" charset=""utf-8""></script>
<script>window.RufflePlayer=window.RufflePlayer||{};window.RufflePlayer.config={""autoplay"":""on"",""unmuteOverlay"":""hidden"",""showSwfDownload"":true};</script>
<script type=""text/javascript"" src=""http","['h3', 'S3', 'h2', 's3']",2024-33,common_crawl
https://rollcall.com/2003/01/24/far-from-home/,rollcall.com,20240814044418,"<!doctype html>
<html lang=""en-US"">
  <head><script type=""text/javascript"" src=""https://web-static.archive.org/_static/js/bundle-playback.js?v=FC38Hc5A"" charset=""utf-8""></script>
<script type=""text/javascript"" src=""https://web-static.archive.org/_static/js/wombat.js?v=txqj7nKC"" charset=""utf-8""></script>
<script>window.RufflePlayer=window.RufflePlayer||{};window.RufflePlayer.config={""autoplay"":""on"",""unmuteOverlay"":""hidden"",""showSwfDownload"":true};</script>
<script type=""text/javascript"" src=""http","['h3', 'S3', 'h2', 's3']",2024-33,common_crawl
https://rollcall.com/2003/01/27/text-of-pre-state-of-the-union-speeches-delivered-by-daschle-pelosi/,rollcall.com,20240805072437,"<!doctype html>
<html lang=""en-US"">
  <head><script type=""text/javascript"" src=""https://web-static.archive.org/_static/js/bundle-playback.js?v=FC38Hc5A"" charset=""utf-8""></script>
<script type=""text/javascript"" src=""https://web-static.archive.org/_static/js/wombat.js?v=txqj7nKC"" charset=""utf-8""></script>
<script>window.RufflePlayer=window.RufflePlayer||{};window.RufflePlayer.config={""autoplay"":""on"",""unmuteOverlay"":""hidden"",""showSwfDownload"":true};</script>
<script type=""text/javascript"" src=""http","['h3', 'S3', 'h2', 's3']",2024-33,common_crawl
http://www2.cnn.com/ALLPOLITICS/1998/08/10/cq/disney.html,cnn.com,20241207231542,"  <!DOCTYPE html>
<html lang=""en"" data-uri=""cms.cnn.com/_pages/clg34ol9u000047nodabud1o2@published"" data-layout-uri=""cms.cnn.com/_layouts/layout-homepage/instances/homepage-domestic@published"">
  <head><script type=""text/javascript"" src=""https://web-static.archive.org/_static/js/bundle-playback.js?v=FC38Hc5A"" charset=""utf-8""></script>
<script type=""text/javascript"" src=""https://web-static.archive.org/_static/js/wombat.js?v=txqj7nKC"" charset=""utf-8""></script>
<script>window.RufflePlayer=window.Ru","['h23', 's60', 'h12', 'h4', 'h2', 'h5', 's 114', 's62', 'h3', 'h6', 'h1', 's22']",2024-51,common_crawl
http://www2.cnn.com/2008/US/03/25/taiwan.missiles/index.html,cnn.com,20240807022828,"<!DOCTYPE HTML PUBLIC ""-//W3C//DTD HTML 4.01 Transitional//EN"" ""http://www.w3.org/TR/html4/loose.dtd""><html lang=""en""><head><script type=""text/javascript"" src=""https://web-static.archive.org/_static/js/bundle-playback.js?v=FC38Hc5A"" charset=""utf-8""></script>
<script type=""text/javascript"" src=""https://web-static.archive.org/_static/js/wombat.js?v=txqj7nKC"" charset=""utf-8""></script>
<script>window.RufflePlayer=window.RufflePlayer||{};window.RufflePlayer.config={""autoplay"":""on"",""unmuteOverlay"":""hi",['h1'],2024-33,common_crawl
https://www.foxnews.com/,foxnews.com,20241201170316,"<!DOCTYPE html><html lang=""en""><head><script type=""text/javascript"" src=""https://web-static.archive.org/_static/js/bundle-playback.js?v=FC38Hc5A"" charset=""utf-8""></script>
<script type=""text/javascript"" src=""https://web-static.archive.org/_static/js/wombat.js?v=txqj7nKC"" charset=""utf-8""></script>
<script>window.RufflePlayer=window.RufflePlayer||{};window.RufflePlayer.config={""autoplay"":""on"",""unmuteOverlay"":""hidden"",""showSwfDownload"":true};</script>
<script type=""text/javascript"" src=""https://web","['h4', 'h2', 'h5', 'h3', 'h1']",2024-51,common_crawl
