congress,type,number,url,title,chamber,introduced,sponsor,sponsor_party,policy_area,passed_senate,passed_house,to_president,became_law
119,S,2403,https://api.congress.gov/v3/bill/119/s/2403?format=xml,Retire through Ownership Act,S,2025-07-23,"Sen. Marshall, Roger [R-KS]",R,Labor and Employment,True,False,False,False
119,S,1728,https://api.congress.gov/v3/bill/119/s/1728?format=xml,Employee Ownership Representation Act of 2025,S,2025-05-13,"Sen. Cassidy, Bill [R-LA]",R,Labor and Employment,True,False,False,False
119,S,1440,https://api.congress.gov/v3/bill/119/s/1440?format=xml,Uniformed Services Leave Parity Act,S,2025-04-10,"Sen. Duckworth, Tammy [D-IL]",D,Health,True,False,False,False
119,S,2283,https://api.congress.gov/v3/bill/119/s/2283?format=xml,"A bill to designate the facility of the United States Postal Service located at 201 West Oklahoma Avenue in Guthrie, Oklahoma, as the ""Oscar J. Upham Post Office"".",S,2025-07-15,"Sen. Lankford, James [R-OK]",R,,True,False,False,False
119,SRES,337,https://api.congress.gov/v3/bill/119/sres/337?format=xml,A resolution recognizing the 250th anniversary of the postal service of the United States.,S,2025-07-24,"Sen. Peters, Gary C. [D-MI]",D,Government Operations and Politics,True,False,False,False
119,SRES,448,https://api.congress.gov/v3/bill/119/sres/448?format=xml,"A resolution designating October 1, 2025, as ""Energy Efficiency Day"" in celebration of the economic and environmental benefits that have been driven by private sector innovation and Federal energy efficiency policies.",S,2025-10-09,"Sen. Shaheen, Jeanne [D-NH]",D,,True,False,False,False
119,SRES,447,https://api.congress.gov/v3/bill/119/sres/447?format=xml,"A resolution designating September 25, 2025, as ""National Ataxia Awareness Day"", and raising awareness of ataxia, ataxia research, and the search for a cure.",S,2025-10-09,"Sen. Hyde-Smith, Cindy [R-MS]",R,,True,False,False,False
119,SRES,446,https://api.congress.gov/v3/bill/119/sres/446?format=xml,A resolution recognizing the 250th birthday of the United States Navy.,S,2025-10-09,"Sen. Wicker, Roger F. [R-MS]",R,,True,False,False,False
119,HR,5371,https://api.congress.gov/v3/bill/119/hr/5371?format=xml,"Continuing Appropriations and Extensions Act, 2026",H,2025-09-16,"Rep. Cole, Tom [R-OK-4]",R,Economics and Public Finance,False,False,False,False
119,S,3001,https://api.congress.gov/v3/bill/119/s/3001?format=xml,"A bill to appropriate funds for pay and allowances of excepted Federal employees, and for other purposes.",S,2025-10-09,"Sen. Johnson, Ron [R-WI]",R,,False,False,False,False
119,S,3000,https://api.congress.gov/v3/bill/119/s/3000?format=xml,"A bill to require the Secretary of Veterans Affairs to identify and report instances of disability benefit questionnaire fraud, and for other purposes.",S,2025-10-09,"Sen. Blumenthal, Richard [D-CT]",D,,False,False,False,False
119,S,2999,https://api.congress.gov/v3/bill/119/s/2999?format=xml,"A bill to amend the Federal Deposit Insurance Act to provide deposit insurance for noninterest-bearing transaction accounts, and for other purposes.",S,2025-10-09,"Sen. Hagerty, Bill [R-TN]",R,,False,False,False,False
119,S,2998,https://api.congress.gov/v3/bill/119/s/2998?format=xml,"A bill to designate the area of H Street Northwest between Connecticut Avenue Northwest and Vermont Avenue Northwest in Washington, District of Columbia, as ""Charlie Kirk Patriot Way"".",S,2025-10-09,"Sen. Scott, Rick [R-FL]",R,,False,False,False,False
119,S,2997,https://api.congress.gov/v3/bill/119/s/2997?format=xml,"A bill to protect the independent judgment of health care professionals acting in the scope of their practice in overriding AI/CDSS outputs, and for other purposes.",S,2025-10-09,"Sen. Markey, Edward J. [D-MA]",D,,False,False,False,False
119,S,2996,https://api.congress.gov/v3/bill/119/s/2996?format=xml,"A bill to clarify that a State or local jurisdiction may give preference to individuals who are veterans or individuals with a disability with respect to hiring election workers to administer an election in the State or local jurisdiction, and for other purposes.",S,2025-10-09,"Sen. Sheehy, Tim [R-MT]",R,,False,False,False,False
119,S,2882,https://api.congress.gov/v3/bill/119/s/2882?format=xml,"Continuing Appropriations and Extensions and Other Matters Act, 2026",S,2025-09-18,"Sen. Murray, Patty [D-WA]",D,Economics and Public Finance,False,False,False,False
119,S,2995,https://api.congress.gov/v3/bill/119/s/2995?format=xml,"A bill to require the Federal financial regulators to issue guidance encouraging financial institutions to work with consumers and businesses affected by a Federal Government shutdown, and for other purposes.",S,2025-10-09,"Sen. Van Hollen, Chris [D-MD]",D,,False,False,False,False
119,S,2994,https://api.congress.gov/v3/bill/119/s/2994?format=xml,"A bill to amend the National Voter Registration Act of 1993 to clarify that a State may not use an individual's failure to vote as the basis for initiating the procedures provided under such Act for the removal of the individual from the official list of registered voters in the State on the grounds that the individual has changed residence, and for other purposes.",S,2025-10-09,"Sen. Padilla, Alex [D-CA]",D,,False,False,False,False
119,S,2993,https://api.congress.gov/v3/bill/119/s/2993?format=xml,A bill to establish appropriate rules for prosecutors and Federal judges to carry a concealed firearm.,S,2025-10-09,"Sen. Cotton, Tom [R-AR]",R,,False,False,False,False
119,SJRES,83,https://api.congress.gov/v3/bill/119/sjres/83?format=xml,A joint resolution to direct the removal of United States Armed Forces from hostilities that have not been authorized by Congress.,S,2025-09-18,"Sen. Schiff, Adam B. [D-CA]",D,International Affairs,False,False,False,False
119,SJRES,71,https://api.congress.gov/v3/bill/119/sjres/71?format=xml,A joint resolution terminating the national emergency declared with respect to energy.,S,2025-07-31,"Sen. Kaine, Tim [D-VA]",D,Emergency Management,False,False,False,False
119,S,2991,https://api.congress.gov/v3/bill/119/s/2991?format=xml,"A bill to amend title 49, United States Code, with respect to the requirement to test drivers of commercial motor vehicles for English proficiency, and for other purposes.",S,2025-10-08,"Sen. Lummis, Cynthia M. [R-WY]",R,,False,False,False,False
119,S,2992,https://api.congress.gov/v3/bill/119/s/2992?format=xml,"A bill to repeal the Portable Fuel Container Safety Act of 2020 and the Children's Gasoline Burn Prevention Act, and for other purposes.",S,2025-10-08,"Sen. Banks, Jim [R-IN]",R,,False,False,False,False
119,S,2898,https://api.congress.gov/v3/bill/119/s/2898?format=xml,Dennis John Benigno Traumatic Brain Injury Program Reauthorization Act of 2025,S,2025-09-18,"Sen. Mullin, Markwayne [R-OK]",R,,False,False,False,False
119,SRES,443,https://api.congress.gov/v3/bill/119/sres/443?format=xml,"A resolution expressing concern about the growing problem of book banning, and the proliferation of threats to freedom of expression in the United States.",S,2025-10-08,"Sen. Schatz, Brian [D-HI]",D,,False,False,False,False
119,S,2990,https://api.congress.gov/v3/bill/119/s/2990?format=xml,"A bill to amend the Higher Education Act of 1965 and the Jeanne Clery Disclosure of Campus Security Policy and Campus Crime Statistics Act to combat campus sexual assault, and for other purposes.",S,2025-10-08,"Sen. Gillibrand, Kirsten E. [D-NY]",D,,False,False,False,False
119,HR,3123,https://api.congress.gov/v3/bill/119/hr/3123?format=xml,Ernest Peltz Accrued Veterans Benefits Act,H,2025-04-30,"Rep. Stefanik, Elise M. [R-NY-21]",R,Armed Forces and National Security,False,False,False,False
119,SJRES,89,https://api.congress.gov/v3/bill/119/sjres/89?format=xml,"A joint resolution providing for congressional disapproval under chapter 8 of title 5, United States Code, of the rule submitted by the Bureau of Land Management relating to ""Buffalo Field Office Record of Decision and Approved Resource Management Plan Amendment"".",S,2025-10-08,"Sen. Lummis, Cynthia M. [R-WY]",R,,False,False,False,False
119,SRES,442,https://api.congress.gov/v3/bill/119/sres/442?format=xml,A resolution condemning Russian incursions into NATO territory and reaffirming Article 5 of the North Atlantic Treaty.,S,2025-10-08,"Sen. Durbin, Richard J. [D-IL]",D,,False,False,False,False
119,HR,5720,https://api.congress.gov/v3/bill/119/hr/5720?format=xml,"To provide reimbursement to certain Federal employees for childcare expenses during the lapse in appropriations beginning on or about October 1, 2025.",H,2025-10-08,"Rep. Omar, Ilhan [D-MN-5]",D,,False,False,False,False
119,HRES,798,https://api.congress.gov/v3/bill/119/hres/798?format=xml,"Expressing support for the designation of the week of September 15 through September 21, 2025, as ""Rail Safety Week"" in the United States, and supporting the goals and ideals of reducing highway-rail grade crossing-related incidents, fatalities, and injuries.",H,2025-10-08,"Rep. Wilson, Frederica S. [D-FL-24]",D,,False,False,False,False
119,HR,5709,https://api.congress.gov/v3/bill/119/hr/5709?format=xml,To amend the United States-Mexico Transboundary Aquifer Assessment Act to reauthorize the United States-Mexico transboundary aquifer assessment program.,H,2025-10-08,"Rep. Ciscomani, Juan [R-AZ-6]",R,,False,False,False,False
119,HR,5718,https://api.congress.gov/v3/bill/119/hr/5718?format=xml,"To reinstate exemptions to SNAP work-requirements for homeless individuals, veterans, and former foster youth.",H,2025-10-08,"Rep. Moore, Gwen [D-WI-4]",D,,False,False,False,False
119,HR,5716,https://api.congress.gov/v3/bill/119/hr/5716?format=xml,To provide for the continuation of agricultural disaster assistance programs in the event of a Government shutdown.,H,2025-10-08,"Rep. McClain Delaney, April [D-MD-6]",D,,False,False,False,False
119,HRES,793,https://api.congress.gov/v3/bill/119/hres/793?format=xml,"Expressing support for the designation of October 2025 as ""National Learning Disabilities Awareness Month"".",H,2025-10-08,"Rep. Brownley, Julia [D-CA-26]",D,,False,False,False,False
119,HR,5711,https://api.congress.gov/v3/bill/119/hr/5711?format=xml,Metropolitan Planning Enhancement Act,H,2025-10-08,"Rep. DeSaulnier, Mark [D-CA-10]",D,,False,False,False,False
119,HR,5725,https://api.congress.gov/v3/bill/119/hr/5725?format=xml,To direct the Attorney General to establish a grant to support communities transitioning to health-centered responses for mental health-related emergencies.,H,2025-10-08,"Rep. Watson Coleman, Bonnie [D-NJ-12]",D,,False,False,False,False
119,HR,5706,https://api.congress.gov/v3/bill/119/hr/5706?format=xml,"To establish a grant program to assist eligible entities in developing or expanding behavioral health crisis response programs that do not rely primarily on law enforcement, and for other purposes.",H,2025-10-08,"Rep. Ansari, Yassamin [D-AZ-3]",D,,False,False,False,False
119,HR,5712,https://api.congress.gov/v3/bill/119/hr/5712?format=xml,"To establish the Commission on American Quantum Information Science Dominance, and for other purposes.",H,2025-10-08,"Rep. Fleischmann, Charles J. ""Chuck"" [R-TN-3]",R,,False,False,False,False
119,HR,5713,https://api.congress.gov/v3/bill/119/hr/5713?format=xml,"To authorize the expedited removal of aliens who are criminal gang members, members of foreign terrorist organizations, or have been convicted of certain specified crimes.",H,2025-10-08,"Rep. Gill, Brandon [R-TX-26]",R,,False,False,False,False
119,HR,5723,https://api.congress.gov/v3/bill/119/hr/5723?format=xml,"To amend title 38, United States Code, to require the Secretary of Veterans Affairs to identify and report instances of fraud with respect to disability benefit questionnaire forms of the Department of Veterans Affairs, and for other purposes.",H,2025-10-08,"Rep. Takano, Mark [D-CA-39]",D,,False,False,False,False
119,HR,5719,https://api.congress.gov/v3/bill/119/hr/5719?format=xml,To provide for interim appropriations for the National Capital Planning Commission and the Commission of Fine Arts with respect to any fiscal year for which appropriations are not otherwise provided for the commissions.,H,2025-10-08,"Del. Norton, Eleanor Holmes [D-DC-At Large]",D,,False,False,False,False
119,HRES,792,https://api.congress.gov/v3/bill/119/hres/792?format=xml,"Declaring a need for increased investments in youth mental health, recognizing May 31, 2026, as ""Youth Mental Health Day"", recognizing September 9, 2026, annually as ""Youth Suicide Prevention Day"", and for other purposes.",H,2025-10-08,"Rep. Ansari, Yassamin [D-AZ-3]",D,,False,False,False,False
119,HRES,794,https://api.congress.gov/v3/bill/119/hres/794?format=xml,"Recognizing the week of September 30th as ""National Orange Shirt Week"" or ""National Week of Remembrance"", which aims to honor those who were forced to attend Indian boarding schools, and to recognize the experience of Indian boarding school victims and survivors.",H,2025-10-08,"Rep. Davids, Sharice [D-KS-3]",D,,False,False,False,False
119,HR,5717,https://api.congress.gov/v3/bill/119/hr/5717?format=xml,"To designate the facility of the United States Postal Service located at 514 Frelinghuysen Avenue in Newark, New Jersey, as the ""Mildred Joyce Coleman Crump Post Office Building"".",H,2025-10-08,"Rep. McIver, LaMonica [D-NJ-10]",D,,False,False,False,False
119,HR,5708,https://api.congress.gov/v3/bill/119/hr/5708?format=xml,"To suspend the enforcement of certain civil liabilities of Federal employees and contractors during a lapse in appropriations, or during a breach of the statutory debt limit, and for other purposes.",H,2025-10-08,"Rep. Boyle, Brendan F. [D-PA-2]",D,,False,False,False,False
119,HR,5710,https://api.congress.gov/v3/bill/119/hr/5710?format=xml,To suspend certain payment limitations relating to agricultural risk coverage and price loss coverage for crop year 2025 and to make advance partial payments under such coverages for such crop year.,H,2025-10-08,"Rep. Crawford, Eric A. ""Rick"" [R-AR-1]",R,,False,False,False,False
119,HRES,796,https://api.congress.gov/v3/bill/119/hres/796?format=xml,"Expressing support for the designation of October 9 through October 16, 2025, as ""National Dyspraxia/Developmental Coordination Disorder (DCD) Awareness Week"" and a commitment to raise awareness of dyspraxia/DCD in the United States.",H,2025-10-08,"Rep. Lawler, Michael [R-NY-17]",R,,False,False,False,False
119,HJRES,130,https://api.congress.gov/v3/bill/119/hjres/130?format=xml,"Providing for congressional disapproval under chapter 8 of title 5, United States Code, of the rule submitted by the Bureau of Land Management relating to ""Buffalo Field Office Record of Decision and Approved Resource Management Plan Amendment"".",H,2025-10-08,"Rep. Hageman, Harriet M. [R-WY-At Large]",R,,False,False,False,False
119,S,2989,https://api.congress.gov/v3/bill/119/s/2989?format=xml,"A bill to prohibit certain sales or leases of real property for a health care entity if the terms of such a sale or lease would lead to long-term weakened financial status of the health care entity or place the public health at risk, and for other purposes.",S,2025-10-08,"Sen. Markey, Edward J. [D-MA]",D,,False,False,False,False
119,S,2987,https://api.congress.gov/v3/bill/119/s/2987?format=xml,"A bill to establish a program of workforce development as an alternative to college for all, and for other purposes.",S,2025-10-08,"Sen. Cotton, Tom [R-AR]",R,,False,False,False,False
119,S,2988,https://api.congress.gov/v3/bill/119/s/2988?format=xml,"A bill to bolster upgrades and infastructure for lasting development at the Department of Veterans Affairs, and for other purposes.",S,2025-10-08,"Sen. Moran, Jerry [R-KS]",R,,False,False,False,False
119,S,2986,https://api.congress.gov/v3/bill/119/s/2986?format=xml,A bill to establish certain conditions on employment and other work arrangements at the Food and Drug Administration to ensure the safety and security of drugs and devices.,S,2025-10-08,"Sen. Cotton, Tom [R-AR]",R,,False,False,False,False
119,S,2985,https://api.congress.gov/v3/bill/119/s/2985?format=xml,A bill to secure the dignity and safety of incarcerated women.,S,2025-10-08,"Sen. Cotton, Tom [R-AR]",R,,False,False,False,False
119,S,2984,https://api.congress.gov/v3/bill/119/s/2984?format=xml,"A bill to reform the labor laws of the United States, and for other purposes.",S,2025-10-08,"Sen. Scott, Tim [R-SC]",R,,False,False,False,False
119,SRES,441,https://api.congress.gov/v3/bill/119/sres/441?format=xml,"A resolution designating the week of October 5, 2025, through October 11, 2025, as ""National Community Policing Week"".",S,2025-10-07,"Sen. Shaheen, Jeanne [D-NH]",D,,True,False,False,False
119,SRES,440,https://api.congress.gov/v3/bill/119/sres/440?format=xml,"A resolution designating September 2025 as ""National Spinal Cord Injury Awareness Month"".",S,2025-10-07,"Sen. Baldwin, Tammy [D-WI]",D,,True,False,False,False
119,SJRES,63,https://api.congress.gov/v3/bill/119/sjres/63?format=xml,"A joint resolution providing for congressional disapproval under chapter 8 of title 5, United States Code, of the rule submitted by the Bureau of Land Management relating to ""Central Yukon Record of Decision and Approved Resource Management Plan"".",S,2025-07-22,"Sen. Sullivan, Dan [R-AK]",R,Public Lands and Natural Resources,False,False,False,False
119,SRES,439,https://api.congress.gov/v3/bill/119/sres/439?format=xml,"A resolution condemning antisemitic hatred on the anniversary of the terrorist attacks of October 7, 2023.",S,2025-10-07,"Sen. Welch, Peter [D-VT]",D,,False,False,False,False
119,SJRES,88,https://api.congress.gov/v3/bill/119/sjres/88?format=xml,A joint resolution terminating the national emergency declared to impose global tariffs.,S,2025-10-07,"Sen. Wyden, Ron [D-OR]",D,,False,False,False,False
119,S,2982,https://api.congress.gov/v3/bill/119/s/2982?format=xml,"A bill to suspend the enforcement of certain civil liabilities of Federal employees and contractors during a lapse in appropriations, or during a breach of the statutory debt limit, and for other purposes.",S,2025-10-07,"Sen. Schatz, Brian [D-HI]",D,,False,False,False,False
119,S,2844,https://api.congress.gov/v3/bill/119/s/2844?format=xml,Charlie Kirk Act,S,2025-09-17,"Sen. Lee, Mike [R-UT]",R,,False,False,False,False
119,S,2981,https://api.congress.gov/v3/bill/119/s/2981?format=xml,"A bill to amend title 38, United States Code, to improve the provision of prosthetic and rehabilitative items and services by the Department of Veterans Affairs, and for other purposes.",S,2025-10-07,"Sen. Moran, Jerry [R-KS]",R,,False,False,False,False
119,SRES,438,https://api.congress.gov/v3/bill/119/sres/438?format=xml,"A resolution condemning the brutal Hamas-led terrorist attack on the State of Israel on October 7, 2023, and supporting an outcome that ensures the forever survival of Israel, the complete denial of Hamas's ability to reconstitute in the region, and the release of all the remaining hostages from the Gaza Strip, including two United States citizens.",S,2025-10-07,"Sen. Ernst, Joni [R-IA]",R,,False,False,False,False
119,S,2980,https://api.congress.gov/v3/bill/119/s/2980?format=xml,"A bill to direct the Secretary of Transportation to study certain composite material pipelines, and for other purposes.",S,2025-10-07,"Sen. Moran, Jerry [R-KS]",R,,False,False,False,False
119,S,2979,https://api.congress.gov/v3/bill/119/s/2979?format=xml,"A bill to amend title 49, United States Code, to require the Secretary of Transportation to establish a confidential, voluntary information-sharing system to encourage the sharing of pipeline safety data and information in a nonpunitive context in order to improve the safety of pipeline facilities, and for other purposes.",S,2025-10-07,"Sen. Moran, Jerry [R-KS]",R,,False,False,False,False
119,S,2978,https://api.congress.gov/v3/bill/119/s/2978?format=xml,A bill to provide for the designation of the Russian Federation as a state sponsor of terrorism.,S,2025-10-07,"Sen. Graham, Lindsey [R-SC]",R,,False,False,False,False
119,S,2977,https://api.congress.gov/v3/bill/119/s/2977?format=xml,"A bill to amend chapter 77 of title 5, United States Code, to ensure timely rulings by the Merit Systems Protection Board on appeals by Federal employees and applicants for employment.",S,2025-10-07,"Sen. Blumenthal, Richard [D-CT]",D,,False,False,False,False
119,SRES,437,https://api.congress.gov/v3/bill/119/sres/437?format=xml,"A resolution honoring the pilots, maintainers, analysts, sailors, support aircraft, and families, among various other essential groups involved in the success of Operation Midnight Hammer.",S,2025-10-06,"Sen. Schmitt, Eric [R-MO]",R,,True,False,False,False
119,SRES,436,https://api.congress.gov/v3/bill/119/sres/436?format=xml,"A resolution expressing support for the designation of September 2025 as ""National Prostate Cancer Awareness Month"".",S,2025-10-06,"Sen. Crapo, Mike [R-ID]",R,,True,False,False,False
119,SRES,435,https://api.congress.gov/v3/bill/119/sres/435?format=xml,"A resolution honoring the life of Brian Douglas Wilson as a rock-n-roll and pop icon, a musical genius, and one of the greatest composers, songwriters, and innovators in the history of the United States.",S,2025-10-06,"Sen. Schiff, Adam B. [D-CA]",D,,True,False,False,False
119,SRES,434,https://api.congress.gov/v3/bill/119/sres/434?format=xml,"A resolution expressing support for the designation of October 5 through October 11, 2025, as ""National 4-H Week"".",S,2025-10-06,"Sen. Boozman, John [R-AR]",R,,True,False,False,False
119,SRES,433,https://api.congress.gov/v3/bill/119/sres/433?format=xml,"A resolution expressing support for the contributions and achievements of student parents in seeking and completing a postsecondary education and designating September 2025 as ""National Student Parent Month"".",S,2025-10-06,"Sen. Moran, Jerry [R-KS]",R,,True,False,False,False
119,SRES,432,https://api.congress.gov/v3/bill/119/sres/432?format=xml,"A resolution to designate September 9, 2025, as ""National World War II Italian Campaign Remembrance Day"", and to recognize the sacrifices made by American and Allied soldiers who liberated Italy from German occupation during World War II.",S,2025-10-06,"Sen. Moran, Jerry [R-KS]",R,,True,False,False,False
119,SRES,422,https://api.congress.gov/v3/bill/119/sres/422?format=xml,"A resolution recognizing the seriousness of polycystic ovary syndrome (PCOS) and expressing support for the designation of September 2025 as ""PCOS Awareness Month"".",S,2025-09-30,"Sen. Warren, Elizabeth [D-MA]",D,,True,False,False,False
119,SRES,406,https://api.congress.gov/v3/bill/119/sres/406?format=xml,"A resolution designating September 30, 2025, as ""Impact Aid Recognition Day"" to recognize and celebrate the 75th anniversary of the establishment of the Impact Aid program.",S,2025-09-18,"Sen. Hirono, Mazie K. [D-HI]",D,Education,True,False,False,False
119,S,2976,https://api.congress.gov/v3/bill/119/s/2976?format=xml,"A bill to amend the Internal Revenue Code of 1986 to impose an excise tax on payments by United States taxpayers to foreign persons for services provided to United States consumers, and for other purposes.",S,2025-10-06,"Sen. Moreno, Bernie [R-OH]",R,,False,False,False,False
119,S,2975,https://api.congress.gov/v3/bill/119/s/2975?format=xml,PIPELINE Safety Act of 2025,S,2025-10-06,"Sen. Cruz, Ted [R-TX]",R,,False,False,False,False
119,HCONRES,55,https://api.congress.gov/v3/bill/119/hconres/55?format=xml,"Designating September 2025 as ""Gynecologic Cancers Awareness Month"".",H,2025-10-06,"Rep. Dingell, Debbie [D-MI-6]",D,,False,False,False,False
119,HR,5694,https://api.congress.gov/v3/bill/119/hr/5694?format=xml,ARTIST Act,H,2025-10-06,"Rep. Begich, Nicholas J. [R-AK-At Large]",R,,False,False,False,False
119,HR,5703,https://api.congress.gov/v3/bill/119/hr/5703?format=xml,"To amend the Agricultural Research, Extension, and Education Reform Act of 1998 and the Food, Agriculture, Conservation, and Trade Act of 1990 to direct the Agricultural Research Service to expand organic research, and for other purposes.",H,2025-10-06,"Rep. Vindman, Eugene Simon [D-VA-7]",D,,False,False,False,False
119,HR,5696,https://api.congress.gov/v3/bill/119/hr/5696?format=xml,To improve Tribal self-governance by streamlining appraisals for on-reservation trust land acquisitions by Indian Tribes with self-governance realty programs.,H,2025-10-06,"Rep. LaMalfa, Doug [R-CA-1]",R,,False,False,False,False
119,HR,5701,https://api.congress.gov/v3/bill/119/hr/5701?format=xml,"To amend title II of the Social Security Act to modify the 10-year marriage rule relating to spouses and surviving spouses insurance benefits in cases of domestic violence, and for other purposes.",H,2025-10-06,"Rep. Sykes, Emilia Strong [D-OH-13]",D,,False,False,False,False
119,HR,5693,https://api.congress.gov/v3/bill/119/hr/5693?format=xml,To amend the Higher Education Act of 1965 to prohibit certain private-equity and sovereign wealth fund agreements involving intercollegiate athletics.,H,2025-10-06,"Rep. Baumgartner, Michael [R-WA-5]",R,,False,False,False,False
119,HR,5695,https://api.congress.gov/v3/bill/119/hr/5695?format=xml,"To suspend Federal individual income taxes during a lapse in appropriations, and for other purposes.",H,2025-10-06,"Rep. Bresnahan, Robert P. [R-PA-8]",R,,False,False,False,False
119,HR,5700,https://api.congress.gov/v3/bill/119/hr/5700?format=xml,"To provide additional housing protections for survivors of domestic violence, and for other purposes.",H,2025-10-06,"Rep. Sykes, Emilia Strong [D-OH-13]",D,,False,False,False,False
119,HR,5699,https://api.congress.gov/v3/bill/119/hr/5699?format=xml,"To require the Administrator of the National Oceanic and Atmospheric Administration to reform the Marine Recreational Information Program of the National Marine Fisheries Service, and for other purposes.",H,2025-10-06,"Rep. Rutherford, John H. [R-FL-5]",R,,False,False,False,False
119,HR,5702,https://api.congress.gov/v3/bill/119/hr/5702?format=xml,"To amend the Violent Crime Control and Law Enforcement Act of 1994 to ensure that healthcare providers can assist survivors of domestic violence, and for other purposes.",H,2025-10-06,"Rep. Sykes, Emilia Strong [D-OH-13]",D,,False,False,False,False
119,HR,5698,https://api.congress.gov/v3/bill/119/hr/5698?format=xml,To provide that the authority to grant clemency for offenses against the District of Columbia shall be exercised in accordance with law enacted by the District of Columbia.,H,2025-10-06,"Del. Norton, Eleanor Holmes [D-DC-At Large]",D,,False,False,False,False
119,HRES,791,https://api.congress.gov/v3/bill/119/hres/791?format=xml,"Expressing support for the designation of October 5 through October 11, 2025, as ""National 4-H Week"".",H,2025-10-06,"Rep. Thompson, Glenn [R-PA-15]",R,,False,False,False,False
119,HRES,788,https://api.congress.gov/v3/bill/119/hres/788?format=xml,"Expressing support for the designation of October 8, 2025, as ""National Hydrogen and Fuel Cell Day"".",H,2025-10-06,"Rep. Costa, Jim [D-CA-21]",D,,False,False,False,False
119,HR,5692,https://api.congress.gov/v3/bill/119/hr/5692?format=xml,"To accelerate the competitiveness of the United States in marine energy technologies, and for other purposes.",H,2025-10-06,"Rep. Barrag√°n, Nanette Diaz [D-CA-44]",D,,False,False,False,False
119,HR,2184,https://api.congress.gov/v3/bill/119/hr/2184?format=xml,Firearm Due Process Protection Act of 2025,H,2025-03-18,"Rep. Emmer, Tom [R-MN-6]",R,Crime and Law Enforcement,False,False,False,False
119,HR,38,https://api.congress.gov/v3/bill/119/hr/38?format=xml,Constitutional Concealed Carry Reciprocity Act of 2025,H,2025-01-03,"Rep. Hudson, Richard [R-NC-9]",R,Crime and Law Enforcement,False,False,False,False
119,HR,845,https://api.congress.gov/v3/bill/119/hr/845?format=xml,Pet and Livestock Protection Act,H,2025-01-31,"Rep. Boebert, Lauren [R-CO-4]",R,Environmental Protection,False,False,False,False
119,HR,3302,https://api.congress.gov/v3/bill/119/hr/3302?format=xml,Healthy Start Reauthorization Act of 2025,H,2025-05-08,"Rep. Ocasio-Cortez, Alexandria [D-NY-14]",D,Health,False,False,False,False
119,HR,5284,https://api.congress.gov/v3/bill/119/hr/5284?format=xml,Claiming Age Clarity Act,H,2025-09-10,"Rep. Smucker, Lloyd [R-PA-11]",R,Social Welfare,False,False,False,False
119,HR,5348,https://api.congress.gov/v3/bill/119/hr/5348?format=xml,Social Security Child Protection Act of 2025,H,2025-09-15,"Rep. Smucker, Lloyd [R-PA-11]",R,Social Welfare,False,False,False,False
119,HR,281,https://api.congress.gov/v3/bill/119/hr/281?format=xml,Grizzly Bear State Management Act,H,2025-01-09,"Rep. Hageman, Harriet M. [R-WY-At Large]",R,Environmental Protection,False,False,False,False
119,HR,2846,https://api.congress.gov/v3/bill/119/hr/2846?format=xml,"To amend title II of the Public Health Service Act to include as an additional right or privilege of commissioned officers of the Public Health Service (and their beneficiaries) certain leave provided under title 10, United States Code to commissioned officers of the Army (or their beneficiaries).",H,2025-04-10,"Rep. Houlahan, Chrissy [D-PA-6]",D,Health,False,False,False,False
119,HR,5172,https://api.congress.gov/v3/bill/119/hr/5172?format=xml,Strong Sentences for Safer D.C. Streets Act of 2025,H,2025-09-08,"Rep. Biggs, Andy [R-AZ-5]",R,Crime and Law Enforcement,False,False,False,False
119,HR,4346,https://api.congress.gov/v3/bill/119/hr/4346?format=xml,PEACE Act of 2025,H,2025-07-10,"Rep. Nunn, Zachary [R-IA-3]",R,International Affairs,False,False,False,False
119,HR,3419,https://api.congress.gov/v3/bill/119/hr/3419?format=xml,To amend the Public Health Service Act to reauthorize the telehealth network and telehealth resource centers grant programs.,H,2025-05-14,"Rep. Valadao, David G. [R-CA-22]",R,Health,False,False,False,False
119,HR,3190,https://api.congress.gov/v3/bill/119/hr/3190?format=xml,BRAVE Burma Act,H,2025-05-05,"Rep. Huizenga, Bill [R-MI-4]",R,International Affairs,False,False,False,False
119,HJRES,129,https://api.congress.gov/v3/bill/119/hjres/129?format=xml,Proposing an amendment to the Constitution of the United States to prohibit Members of Congress from receiving compensation for any period during which a Government shutdown is in effect.,H,2025-10-03,"Rep. Van Orden, Derrick [R-WI-3]",R,Congress,False,False,False,False
119,HR,5681,https://api.congress.gov/v3/bill/119/hr/5681?format=xml,To require the reporting of certain terms of service of social media companies for purposes of limiting the online presence of terrorist organizations.,H,2025-10-03,"Rep. Gottheimer, Josh [D-NJ-5]",D,,False,False,False,False
119,HR,5680,https://api.congress.gov/v3/bill/119/hr/5680?format=xml,Pay Our Public Shipyard Workers Act,H,2025-10-03,"Rep. Goodlander, Maggie [D-NH-2]",D,Economics and Public Finance,False,False,False,False
119,HR,5691,https://api.congress.gov/v3/bill/119/hr/5691?format=xml,To prohibit the provision of Federal funds to a local educational agency that imposes or enforces a COVID-19 vaccine mandate on students at the schools served by such agency.,H,2025-10-03,"Rep. Van Drew, Jefferson [R-NJ-2]",R,,False,False,False,False
119,HR,5677,https://api.congress.gov/v3/bill/119/hr/5677?format=xml,"To amend the Infrastructure Investment and Jobs Act to extend the authorization for grants under section 24911 of title 49, United States Code, through fiscal year 2032.",H,2025-10-03,"Rep. Costa, Jim [D-CA-21]",D,,False,False,False,False
119,HR,5690,https://api.congress.gov/v3/bill/119/hr/5690?format=xml,To allow penalty-free distributions from retirement accounts in the case of certain Federal contractors impacted by Federal Government shutdowns.,H,2025-10-03,"Rep. Subramanyam, Suhas [D-VA-10]",D,,False,False,False,False
119,HR,5682,https://api.congress.gov/v3/bill/119/hr/5682?format=xml,"To take certain land in the State of California into trust for the benefit of the Pechanga Band of Indians, and for other purposes.",H,2025-10-03,"Rep. Issa, Darrell [R-CA-48]",R,,False,False,False,False
119,HR,5675,https://api.congress.gov/v3/bill/119/hr/5675?format=xml,"To increase the total maximum Federal Pell Grant, and for other purposes.",H,2025-10-03,"Rep. Carbajal, Salud O. [D-CA-24]",D,,False,False,False,False
119,HCONRES,54,https://api.congress.gov/v3/bill/119/hconres/54?format=xml,"Expressing support for designation of the first Friday of October as ""Manufacturing Day"".",H,2025-10-03,"Rep. Torres, Norma J. [D-CA-35]",D,,False,False,False,False
119,HR,5686,https://api.congress.gov/v3/bill/119/hr/5686?format=xml,"To amend the Internal Revenue Code of 1986 to allow a credit against tax for expenses relating to the purchase of battery detectors, and for other purposes.",H,2025-10-03,"Rep. Norcross, Donald [D-NJ-1]",D,,False,False,False,False
119,HR,5683,https://api.congress.gov/v3/bill/119/hr/5683?format=xml,"To establish a task force to protect members of the Armed Forces, veterans, and military families, from financial fraud.",H,2025-10-03,"Rep. Lynch, Stephen F. [D-MA-8]",D,,False,False,False,False
119,HR,5679,https://api.congress.gov/v3/bill/119/hr/5679?format=xml,To prohibit Federal funds from being obligated or expended to promulgate executive orders during a lapse in discretionary appropriations.,H,2025-10-03,"Rep. Craig, Angie [D-MN-2]",D,,False,False,False,False
119,HRES,787,https://api.congress.gov/v3/bill/119/hres/787?format=xml,"Expressing support for the designation of September 2025 as ""Hawaiian History Month"" to recognize the history, culture and contributions of Native Hawaiians and reaffirm the United States Federal trust responsibility to the Native Hawaiian community to support their well-being.",H,2025-10-03,"Rep. Tokuda, Jill N. [D-HI-2]",D,,False,False,False,False
119,HR,5678,https://api.congress.gov/v3/bill/119/hr/5678?format=xml,"To reduce the annual rate of pay of Members of Congress if a Government shutdown occurs during a year, and for other purposes.",H,2025-10-03,"Rep. Craig, Angie [D-MN-2]",D,,False,False,False,False
119,HR,5685,https://api.congress.gov/v3/bill/119/hr/5685?format=xml,"To amend title XIX of the Social Security Act to increase under the Medicaid program the minimum monthly personal needs allowance for institutionalized individuals and couples, and for other purposes.",H,2025-10-03,"Rep. Moore, Gwen [D-WI-4]",D,,False,False,False,False
119,HR,5684,https://api.congress.gov/v3/bill/119/hr/5684?format=xml,"To provide for the coverage of medical food and vitamins and individual amino acids for digestive and inherited metabolic disorders under Federal health programs, to ensure State and Federal protection for existing coverage, and for other purposes.",H,2025-10-03,"Rep. McGovern, James P. [D-MA-2]",D,,False,False,False,False
119,HR,744,https://api.congress.gov/v3/bill/119/hr/744?format=xml,Disaster Management Costs Modernization Act,H,2025-01-28,"Rep. Neguse, Joe [D-CO-2]",D,Emergency Management,False,False,False,False
119,S,2974,https://api.congress.gov/v3/bill/119/s/2974?format=xml,"A bill to amend the Internal Revenue Code of 1986 to require taxpayers claiming the child and earned income tax credits, and their qualifying children, to have a valid social security number for employment purposes.",S,2025-10-03,"Sen. Hyde-Smith, Cindy [R-MS]",R,,False,False,False,False
119,S,2973,https://api.congress.gov/v3/bill/119/s/2973?format=xml,A bill to amend the Internal Revenue Code of 1986 to impose a daily tax on members of Congress during a lapse in appropriations.,S,2025-10-03,"Sen. Moreno, Bernie [R-OH]",R,,False,False,False,False
119,S,2972,https://api.congress.gov/v3/bill/119/s/2972?format=xml,"A bill to amend the Internal Revenue Code of 1986 to provide a reduced excise tax rate for portable, electronically-aerated bait containers.",S,2025-10-03,"Sen. Scott, Rick [R-FL]",R,,False,False,False,False
119,SRES,412,https://api.congress.gov/v3/bill/119/sres/412?format=xml,An executive resolution authorizing the en bloc consideration in Executive Session of certain nominations on the Executive Calendar.,S,2025-09-18,"Sen. Thune, John [R-SD]",R,Government Operations and Politics,True,False,False,False
119,SRES,431,https://api.congress.gov/v3/bill/119/sres/431?format=xml,A resolution supporting the goals and objectives of Choose Respect Day.,S,2025-10-03,"Sen. Sullivan, Dan [R-AK]",R,,True,False,False,False
119,S,2971,https://api.congress.gov/v3/bill/119/s/2971?format=xml,"A bill to amend title 49, United States Code, to exclude from the definition of ""transporting gas"" certain movement of gas within, or in the vicinity of, a plant, and for other purposes.",S,2025-10-03,"Sen. Sheehy, Tim [R-MT]",R,,False,False,False,False
119,SRES,430,https://api.congress.gov/v3/bill/119/sres/430?format=xml,"A resolution designating October 4, 2025, as ""National Energy Appreciation Day"" to celebrate the people who work to power the United States and the economy of the United States and to build awareness of the important role that the energy producers of the United States play in reducing poverty, strengthening national security, and improving the quality of life for people around the world.",S,2025-10-03,"Sen. Lummis, Cynthia M. [R-WY]",R,,False,False,False,False
119,S,2969,https://api.congress.gov/v3/bill/119/s/2969?format=xml,"A bill to amend title 54, United States Code, to provide that State law shall apply to the use of motor vehicles on roads within a System unit.",S,2025-10-03,"Sen. Lee, Mike [R-UT]",R,,False,False,False,False
119,S,2968,https://api.congress.gov/v3/bill/119/s/2968?format=xml,"A bill to ensure access to certain public land, and for other purposes.",S,2025-10-03,"Sen. Lee, Mike [R-UT]",R,,False,False,False,False
119,S,2970,https://api.congress.gov/v3/bill/119/s/2970?format=xml,"A bill to authorize the use of off-highway vehicles in certain areas of the Capitol Reef National Park, Utah.",S,2025-10-03,"Sen. Lee, Mike [R-UT]",R,,False,False,False,False
119,S,105,https://api.congress.gov/v3/bill/119/s/105?format=xml,Wounded Knee Massacre Memorial and Sacred Site Act,S,2025-01-15,"Sen. Rounds, Mike [R-SD]",R,Native Americans,False,False,False,False
119,HR,165,https://api.congress.gov/v3/bill/119/hr/165?format=xml,Wounded Knee Massacre Memorial and Sacred Site Act,H,2025-01-03,"Rep. Johnson, Dusty [R-SD-At Large]",R,Native Americans,False,True,False,False
119,S,2967,https://api.congress.gov/v3/bill/119/s/2967?format=xml,"A bill to address the management by certain Federal land management agencies over Federal land along the southern border and northern border, and for other purposes.",S,2025-10-02,"Sen. Lee, Mike [R-UT]",R,,False,False,False,False
119,S,2966,https://api.congress.gov/v3/bill/119/s/2966?format=xml,"A bill to amend the Internal Revenue Code of 1986 to waive certain penalties for affected Federal employees receiving a distribution from the Thrift Savings Plan during a lapse in appropriations, and for other purposes.",S,2025-10-01,"Sen. Kaine, Tim [D-VA]",D,,False,False,False,False
119,S,2965,https://api.congress.gov/v3/bill/119/s/2965?format=xml,A bill to prohibit the use of the Exchange Stabilization Fund of the Department of the Treasury to bail out Argentina's financial markets.,S,2025-10-01,"Sen. Warren, Elizabeth [D-MA]",D,,False,False,False,False
119,S,2964,https://api.congress.gov/v3/bill/119/s/2964?format=xml,A bill to allow penalty-free distributions from retirement accounts in the case of certain Federal contractors impacted by Federal Government shutdowns.,S,2025-10-01,"Sen. Cortez Masto, Catherine [D-NV]",D,,False,False,False,False
119,S,2963,https://api.congress.gov/v3/bill/119/s/2963?format=xml,"A bill to provide back pay to Federal contractors, and for other purposes.",S,2025-10-01,"Sen. Smith, Tina [D-MN]",D,,False,False,False,False
119,HR,5387,https://api.congress.gov/v3/bill/119/hr/5387?format=xml,Saving the American Dream Act,H,2025-09-16,"Rep. Alford, Mark [R-MO-4]",R,Housing and Community Development,False,False,False,False
119,HR,5429,https://api.congress.gov/v3/bill/119/hr/5429?format=xml,HUD-USDA-VA Interagency Coordination Act,H,2025-09-17,"Rep. De La Cruz, Monica [R-TX-15]",R,,False,False,False,False
119,HR,5436,https://api.congress.gov/v3/bill/119/hr/5436?format=xml,"To amend title 38, United States Code, to prohibit an educational institution from withholding a transcript from an individual who pursued a course or program of education at such institution using Post-9/11 educational assistance.",H,2025-09-17,"Rep. Mannion, John W. [D-NY-22]",D,Armed Forces and National Security,False,False,False,False
119,HR,5339,https://api.congress.gov/v3/bill/119/hr/5339?format=xml,Susan E. Lukas 9/11 Servicemember Fairness Act,H,2025-09-11,"Rep. Subramanyam, Suhas [D-VA-10]",D,Armed Forces and National Security,False,False,False,False
119,SJRES,86,https://api.congress.gov/v3/bill/119/sjres/86?format=xml,"A joint resolution providing for congressional disapproval under chapter 8 of title 5, United States Code, of the rule submitted by the Environmental Protection Agency relating to ""Air Plan Approval; South Dakota; Regional Haze Plan for the Second Implementation Period"".",S,2025-10-01,"Sen. Whitehouse, Sheldon [D-RI]",D,,False,False,False,False
119,SJRES,85,https://api.congress.gov/v3/bill/119/sjres/85?format=xml,"A joint resolution providing for congressional disapproval under chapter 8 of title 5, United States Code, of the rule submitted by the Environmental Protection Agency relating to ""Commercial and Industrial Solid Waste Incineration Units: Temporary-Use Incinerators and Air Curtain Incinerators Used in Disaster Recovery.",S,2025-10-01,"Sen. Whitehouse, Sheldon [D-RI]",D,,False,False,False,False
119,SJRES,87,https://api.congress.gov/v3/bill/119/sjres/87?format=xml,"A joint resolution providing for congressional disapproval under chapter 8 of title 5, United States Code, of the rule submitted by the Bureau of Ocean Energy Management relating to ""Restoring Names That Honor American Greatness: Gulf of America"".",S,2025-10-01,"Sen. Whitehouse, Sheldon [D-RI]",D,,False,False,False,False
119,S,2962,https://api.congress.gov/v3/bill/119/s/2962?format=xml,A bill to amend the Internal Revenue Code of 1986 to allow the deduction under section 199A to apply to qualified BDC interest dividends in the same manner as qualified REIT dividends.,S,2025-10-01,"Sen. Banks, Jim [R-IN]",R,,False,False,False,False
119,S,2961,https://api.congress.gov/v3/bill/119/s/2961?format=xml,"A bill to direct the United States Postal Service to designate single, unique ZIP Codes for certain communities, and for other purposes.",S,2025-10-01,"Sen. Banks, Jim [R-IN]",R,,False,False,False,False
119,S,2960,https://api.congress.gov/v3/bill/119/s/2960?format=xml,A bill to develop economic tools to deter aggression by the People's Republic of China against Taiwan.,S,2025-10-01,"Sen. Risch, James E. [R-ID]",R,,False,False,False,False
119,S,2959,https://api.congress.gov/v3/bill/119/s/2959?format=xml,"A bill to prohibit the Secretary of State from issuing a passport, passport card, or Consular Report of Birth Abroad that includes the unspecified ""X"" gender designation, and for other purposes.",S,2025-10-01,"Sen. Marshall, Roger [R-KS]",R,,False,False,False,False
119,SRES,429,https://api.congress.gov/v3/bill/119/sres/429?format=xml,"A resolution designating September 2025 as ""National Infant Mortality Awareness Month"", raising awareness of infant mortality, and increasing efforts to reduce infant mortality.",S,2025-09-30,"Sen. Hyde-Smith, Cindy [R-MS]",R,,True,False,False,False
119,SRES,428,https://api.congress.gov/v3/bill/119/sres/428?format=xml,A resolution recognizing Hispanic Heritage Month and celebrating the heritage and culture of Latinos in the United States and the immense contributions of Latinos to the United States.,S,2025-09-30,"Sen. Cortez Masto, Catherine [D-NV]",D,,True,False,False,False
119,SRES,427,https://api.congress.gov/v3/bill/119/sres/427?format=xml,"A resolution designating October 8, 2025, as ""National Hydrogen and Fuel Cell Day"".",S,2025-09-30,"Sen. Graham, Lindsey [R-SC]",R,,True,False,False,False
119,SRES,396,https://api.congress.gov/v3/bill/119/sres/396?format=xml,"A resolution condemning the tragic act of violence on September 10, 2025, in Evergreen, Colorado, recognizing the victims, survivors, and responders, and expressing condolences and support to their families and their communities.",S,2025-09-16,"Sen. Bennet, Michael F. [D-CO]",D,Crime and Law Enforcement,True,False,False,False
119,S,2955,https://api.congress.gov/v3/bill/119/s/2955?format=xml,"A bill to amend title 18, United States Code, to establish Federal penalties for the knowing and intentional administration of any abortion-inducing drug to a woman without her informed consent, if the abortion-inducing drug has been shipped or transported in interstate commerce, and for other purposes.",S,2025-09-30,"Sen. Banks, Jim [R-IN]",R,,False,False,False,False
119,S,2956,https://api.congress.gov/v3/bill/119/s/2956?format=xml,"A bill to prohibit the sale, lease, or loan of used motor vehicles with open recalls to consumers by auto dealers.",S,2025-09-30,"Sen. Blumenthal, Richard [D-CT]",D,,False,False,False,False
119,S,2957,https://api.congress.gov/v3/bill/119/s/2957?format=xml,A bill to increase the apportionment of formula grants for small transit intensive cities.,S,2025-09-30,"Sen. Moran, Jerry [R-KS]",R,,False,False,False,False
119,S,2958,https://api.congress.gov/v3/bill/119/s/2958?format=xml,"A bill to extend the African Growth and Opportunity Act, to require a full review of the bilateral relationship between the United States and South Africa, and for other purposes.",S,2025-09-30,"Sen. Kennedy, John [R-LA]",R,,False,False,False,False
119,SRES,426,https://api.congress.gov/v3/bill/119/sres/426?format=xml,"A resolution designating the week of October 5, 2025, through October 11, 2025, as ""Religious Education Week"" to celebrate religious education in the United States.",S,2025-09-30,"Sen. Graham, Lindsey [R-SC]",R,,False,False,False,False
119,SRES,425,https://api.congress.gov/v3/bill/119/sres/425?format=xml,"A resolution honoring the life of Hays, Kansas police sergeant Scott Heimann.",S,2025-09-30,"Sen. Moran, Jerry [R-KS]",R,,False,False,False,False
119,SRES,424,https://api.congress.gov/v3/bill/119/sres/424?format=xml,A resolution affirming the unwavering commitment of the Senate to the First Amendment and to freedom of speech and of the press as foundations of the democratic republic of the United States.,S,2025-09-30,"Sen. Merkley, Jeff [D-OR]",D,,False,False,False,False
119,S,2954,https://api.congress.gov/v3/bill/119/s/2954?format=xml,"A bill to establish grant programs for health professional schools, and for other purposes.",S,2025-09-30,"Sen. Sanders, Bernard [I-VT]",I,,False,False,False,False
119,S,2953,https://api.congress.gov/v3/bill/119/s/2953?format=xml,"A bill to amend title 5, United States Code, to provide for dual pay and dual employment accountability.",S,2025-09-30,"Sen. Ernst, Joni [R-IA]",R,,False,False,False,False
119,S,2952,https://api.congress.gov/v3/bill/119/s/2952?format=xml,"A bill to amend title 31, United States Code, to require the Secretary of the Treasury to mint and issue $2.50 numismatic coins and $2.50 circulating coins, and for other purposes.",S,2025-09-30,"Sen. Lummis, Cynthia M. [R-WY]",R,,False,False,False,False
119,S,2951,https://api.congress.gov/v3/bill/119/s/2951?format=xml,A bill to direct the Secretary of Health and Human Services to provide for certain adjustments to Medicare payment for items of durable medical equipment that were formerly included in round 2021 of the DMEPOS competitive bidding program.,S,2025-09-30,"Sen. Lankford, James [R-OK]",R,,False,False,False,False
119,S,2949,https://api.congress.gov/v3/bill/119/s/2949?format=xml,A bill to amend title XVIII of the Social Security Act to eliminate the coinsurance requirement for certain colorectal cancer screening tests furnished under the Medicare program.,S,2025-09-30,"Sen. Booker, Cory A. [D-NJ]",D,,False,False,False,False
119,S,2948,https://api.congress.gov/v3/bill/119/s/2948?format=xml,"A bill to amend section 303 of the Social Security Act to require States to provide unemployment compensation benefits to Federal employees during a government shutdown, and for other purposes.",S,2025-09-30,"Sen. Alsobrooks, Angela D. [D-MD]",D,,False,False,False,False
119,SRES,423,https://api.congress.gov/v3/bill/119/sres/423?format=xml,A resolution recognizing the month of October 2025 as Filipino American History Month and celebrating the history and culture of Filipino Americans and their immense contributions to the United States.,S,2025-09-30,"Sen. Hirono, Mazie K. [D-HI]",D,,False,False,False,False
119,SJRES,84,https://api.congress.gov/v3/bill/119/sjres/84?format=xml,"A joint resolution providing for congressional disapproval under chapter 8 of title 5, United States Code, of the rule submitted by the Centers for Medicare & Medicaid Services relating to ""Patient Protection and Affordable Care Act; Market Integrity and Affordability"".",S,2025-09-30,"Sen. Warner, Mark R. [D-VA]",D,,False,False,False,False
119,S,2946,https://api.congress.gov/v3/bill/119/s/2946?format=xml,A bill to reauthorize the National Flood Insurance Program.,S,2025-09-30,"Sen. Kennedy, John [R-LA]",R,,False,False,False,False
119,S,2945,https://api.congress.gov/v3/bill/119/s/2945?format=xml,"A bill to amend title 49, United States Code, to authorize the accountable executive of a safety committee to resolve disputes of the safety committee, and for other purposes.",S,2025-09-30,"Sen. Lee, Mike [R-UT]",R,,False,False,False,False
119,S,2944,https://api.congress.gov/v3/bill/119/s/2944?format=xml,"A bill to amend the Richard B. Russell National School Lunch Act to require mandatory certification for certain students and reduce stigma associated with unpaid school meal fees, and for other purposes.",S,2025-09-30,"Sen. Smith, Tina [D-MN]",D,,False,False,False,False
119,S,2943,https://api.congress.gov/v3/bill/119/s/2943?format=xml,"A bill to amend chapter 17 of title 38, United States Code, to direct the Secretary of Veterans Affairs to allow a veteran to receive a full-year supply of contraceptive pills, transdermal patches, vaginal rings, and other contraceptive products, and for other purposes.",S,2025-09-30,"Sen. Duckworth, Tammy [D-IL]",D,,False,False,False,False
119,HR,5346,https://api.congress.gov/v3/bill/119/hr/5346?format=xml,Fair and Accountable IRS Reviews Act,H,2025-09-15,"Rep. Grothman, Glenn [R-WI-6]",R,Taxation,False,False,False,False
119,HR,5107,https://api.congress.gov/v3/bill/119/hr/5107?format=xml,Common-Sense Law Enforcement and Accountability Now in DC Act of 2025,H,2025-09-03,"Rep. Clyde, Andrew S. [R-GA-9]",R,Crime and Law Enforcement,False,False,False,False
119,HR,5179,https://api.congress.gov/v3/bill/119/hr/5179?format=xml,District of Columbia Attorney General Appointment Reform Act of 2025,H,2025-09-08,"Rep. Fallon, Pat [R-TX-4]",R,Law,False,False,False,False
119,S,2942,https://api.congress.gov/v3/bill/119/s/2942?format=xml,A bill for the relief of Valent Kolami.,S,2025-09-30,"Sen. Blumenthal, Richard [D-CT]",D,,False,False,False,False
119,HR,5214,https://api.congress.gov/v3/bill/119/hr/5214?format=xml,District of Columbia Cash Bail Reform Act of 2025,H,2025-09-08,"Rep. Stefanik, Elise M. [R-NY-21]",R,Crime and Law Enforcement,False,False,False,False
119,HR,3965,https://api.congress.gov/v3/bill/119/hr/3965?format=xml,PEARL Act,H,2025-06-12,"Rep. Gonzales, Tony [R-TX-23]",R,Immigration,False,False,False,False
119,HR,5644,https://api.congress.gov/v3/bill/119/hr/5644?format=xml,Catastrophic Specialty Hospital Act of 2025,H,2025-09-30,"Rep. Loudermilk, Barry [R-GA-11]",R,,False,False,False,False
119,HRES,778,https://api.congress.gov/v3/bill/119/hres/778?format=xml,"Expressing support for the recognition of September 29, 2025, as ""International Day of Awareness of Food Loss and Waste"".",H,2025-09-30,"Rep. Lawler, Michael [R-NY-17]",R,,False,False,False,False
119,HRES,780,https://api.congress.gov/v3/bill/119/hres/780?format=xml,Providing for consideration of the bill (H.R. 1834) to advance policy priorities that will break the gridlock.,H,2025-09-30,"Rep. McGovern, James P. [D-MA-2]",D,,False,False,False,False
119,HR,5650,https://api.congress.gov/v3/bill/119/hr/5650?format=xml,Weatherization Resilience and Adaptation Program Act,H,2025-09-30,"Rep. Mullin, Kevin [D-CA-15]",D,,False,False,False,False
119,HR,5620,https://api.congress.gov/v3/bill/119/hr/5620?format=xml,Prioritizing Offensive Agricultural Disputes and Enforcement Act,H,2025-09-30,"Rep. Crawford, Eric A. ""Rick"" [R-AR-1]",R,,False,False,False,False
119,HR,5628,https://api.congress.gov/v3/bill/119/hr/5628?format=xml,Pay Workers What They‚Äôve Earned Act,H,2025-09-30,"Rep. Horsford, Steven [D-NV-4]",D,Economics and Public Finance,False,False,False,False
119,HRES,779,https://api.congress.gov/v3/bill/119/hres/779?format=xml,Providing for consideration of the bill (H.R. 1834) to advance policy priorities that will break the gridlock.,H,2025-09-30,"Rep. McGovern, James P. [D-MA-2]",D,,False,False,False,False
119,HR,5616,https://api.congress.gov/v3/bill/119/hr/5616?format=xml,$2.50 for America‚Äôs 250th Act,H,2025-09-30,"Rep. Aderholt, Robert B. [R-AL-4]",R,,False,False,False,False
119,HR,5665,https://api.congress.gov/v3/bill/119/hr/5665?format=xml,"To amend chapter 17 of title 38, United States Code, to direct the Secretary of Veterans Affairs to allow a veteran to receive a full-year supply of contraceptive pills, transdermal patches, vaginal rings, and other contraceptive products, and for other purposes.",H,2025-09-30,"Rep. Underwood, Lauren [D-IL-14]",D,,False,False,False,False
119,HR,5649,https://api.congress.gov/v3/bill/119/hr/5649?format=xml,To provide for civil liability in the case of any judicial officer who acts with intentional disregard for public safety or gross negligence in a bond determination or sentencing decision.,H,2025-09-30,"Rep. Moore, Tim [R-NC-14]",R,,False,False,False,False
119,HR,5648,https://api.congress.gov/v3/bill/119/hr/5648?format=xml,"To provide for continuity of disaster relief funding in the case of a lapse in appropriations, and for other purposes.",H,2025-09-30,"Rep. Moore, Tim [R-NC-14]",R,,False,False,False,False
119,HR,5627,https://api.congress.gov/v3/bill/119/hr/5627?format=xml,GENERAL Act,H,2025-09-30,"Rep. Horsford, Steven [D-NV-4]",D,,False,False,False,False
119,HR,5619,https://api.congress.gov/v3/bill/119/hr/5619?format=xml,Federal Firefighter Paycheck Protection Act,H,2025-09-30,"Rep. Bynum, Janelle S. [D-OR-5]",D,Economics and Public Finance,False,False,False,False
119,HR,5656,https://api.congress.gov/v3/bill/119/hr/5656?format=xml,"To amend title 49, United States Code, to grant the United States Virgin Islands and Puerto Rico eligibility to issue commercial driver's licenses, and for other purposes.",H,2025-09-30,"Del. Plaskett, Stacey E. [D-VI-At Large]",D,,False,False,False,False
119,HR,5642,https://api.congress.gov/v3/bill/119/hr/5642?format=xml,"To designate the facility of the United States Postal Service located at 47 Echo Avenue in Miller Place, New York, as the ""Christopher Pendergast Post Office Building"".",H,2025-09-30,"Rep. LaLota, Nick [R-NY-1]",R,,False,False,False,False
119,HR,5640,https://api.congress.gov/v3/bill/119/hr/5640?format=xml,Northern Mariana Islands and American Samoa Criminal Justice Support Act,H,2025-09-30,"Del. King-Hinds, Kimberlyn [R-MP-At Large]",R,,False,False,False,False
119,HR,5639,https://api.congress.gov/v3/bill/119/hr/5639?format=xml,Co-Location Energy Act,H,2025-09-30,"Rep. Kennedy, Mike [R-UT-3]",R,,False,False,False,False
119,HRES,784,https://api.congress.gov/v3/bill/119/hres/784?format=xml,"Recognizing the value of coffee to the United States and expressing support for September 29, 2025, to be designated as ""National Coffee Day"".",H,2025-09-30,"Rep. Tokuda, Jill N. [D-HI-2]",D,,False,False,False,False
119,HR,5641,https://api.congress.gov/v3/bill/119/hr/5641?format=xml,"To designate the facility of the United States Postal Service located at 240 Main Street in Northport, New York, as the ""Coast Guard Petty Officer 3rd Class Nate Bruckenthal Post Office Building"".",H,2025-09-30,"Rep. LaLota, Nick [R-NY-1]",R,,False,False,False,False
119,HRES,776,https://api.congress.gov/v3/bill/119/hres/776?format=xml,Expressing concerns regarding the urgent and escalating threats facing Coptic Christians.,H,2025-09-30,"Rep. Hill, J. French [R-AR-2]",R,,False,False,False,False
119,HR,5630,https://api.congress.gov/v3/bill/119/hr/5630?format=xml,"To amend the Public Health Service Act to require additional information in State plans for Substance Use Prevention, Treatment, and Recovery Services block grants.",H,2025-09-30,"Rep. Houchin, Erin [R-IN-9]",R,,False,False,False,False
119,HR,5655,https://api.congress.gov/v3/bill/119/hr/5655?format=xml,"To amend the Richard B. Russell National School Lunch Act to require mandatory certification for certain students and reduce stigma associated with unpaid school meal fees, and for other purposes.",H,2025-09-30,"Rep. Omar, Ilhan [D-MN-5]",D,,False,False,False,False
119,HR,5622,https://api.congress.gov/v3/bill/119/hr/5622?format=xml,National Gun Violence Research Act of 2025,H,2025-09-30,"Rep. Foushee, Valerie P. [D-NC-4]",D,,False,False,False,False
119,HR,5651,https://api.congress.gov/v3/bill/119/hr/5651?format=xml,Affordability and Fairness for Mountain Communities Act of 2025,H,2025-09-30,"Rep. Neguse, Joe [D-CO-2]",D,,False,False,False,False
119,HR,5623,https://api.congress.gov/v3/bill/119/hr/5623?format=xml,SEIZE Act of 2025,H,2025-09-30,"Rep. Gottheimer, Josh [D-NJ-5]",D,,False,False,False,False
119,HR,5658,https://api.congress.gov/v3/bill/119/hr/5658?format=xml,To establish universal child care and early learning programs.,H,2025-09-30,"Rep. Sherrill, Mikie [D-NJ-11]",D,,False,False,False,False
119,HR,5631,https://api.congress.gov/v3/bill/119/hr/5631?format=xml,Geothermal Ombudsman for National Deployment and Optimal Reviews Act,H,2025-09-30,"Rep. Hurd, Jeff [R-CO-3]",R,,False,False,False,False
119,HR,5637,https://api.congress.gov/v3/bill/119/hr/5637?format=xml,"No Work, No Pay Act of 2025",H,2025-09-30,"Rep. Kennedy, Mike [R-UT-3]",R,Congress,False,False,False,False
119,HRES,773,https://api.congress.gov/v3/bill/119/hres/773?format=xml,"Honoring the foundational principle of separation of church and state, opposing extreme right-wing Christian nationalism, and recognizing the 65th anniversary of President John F. Kennedy's address to the Greater Houston Ministerial Association and 150th anniversary of President Ulysses S. Grant's speech to the Society of the Army of the Tennessee.",H,2025-09-30,"Rep. Ansari, Yassamin [D-AZ-3]",D,,False,False,False,False
119,HR,5638,https://api.congress.gov/v3/bill/119/hr/5638?format=xml,Geothermal Royalty Reform Act,H,2025-09-30,"Rep. Kennedy, Mike [R-UT-3]",R,,False,False,False,False
119,HRES,774,https://api.congress.gov/v3/bill/119/hres/774?format=xml,Expressing support for the recognition of the month of October 2025 as Filipino American History Month and celebrating the history and culture of Filipino Americans and their immense contributions to the United States.,H,2025-09-30,"Rep. Case, Ed [D-HI-1]",D,,False,False,False,False
119,HR,5629,https://api.congress.gov/v3/bill/119/hr/5629?format=xml,"To provide that the final rule of the Department of Health and Human Services titled ""Medications for the Treatment of Opioid Use Disorder"", except for the portion of the final rule relating to accreditation of opioid treatment programs, shall have no force or effect.",H,2025-09-30,"Rep. Houchin, Erin [R-IN-9]",R,,False,False,False,False
119,HR,5652,https://api.congress.gov/v3/bill/119/hr/5652?format=xml,"To amend the Robert T. Stafford Disaster Relief and Emergency Assistance Act to provide flexibility with the cost share for fire management assistance, and for other purposes.",H,2025-09-30,"Rep. Neguse, Joe [D-CO-2]",D,,False,False,False,False
119,HR,5646,https://api.congress.gov/v3/bill/119/hr/5646?format=xml,Restoring Safeguards for Dangerous Abortion Drugs Act,H,2025-09-30,"Rep. Miller, Mary E. [R-IL-15]",R,,False,False,False,False
119,HR,5668,https://api.congress.gov/v3/bill/119/hr/5668?format=xml,"To authorize the Secretary of Education to make grants to local educational agencies to make physical improvements at the elementary schools and secondary schools served by such agencies, and for other purposes.",H,2025-09-30,"Rep. Van Drew, Jefferson [R-NJ-2]",R,,False,False,False,False
119,HRES,783,https://api.congress.gov/v3/bill/119/hres/783?format=xml,Reaffirming German-American friendship and supporting continued cooperation between the United States and Germany.,H,2025-09-30,"Rep. Thompson, Glenn [R-PA-15]",R,,False,False,False,False
119,HR,5617,https://api.congress.gov/v3/bill/119/hr/5617?format=xml,Geothermal Gold Book Development Act,H,2025-09-30,"Rep. Ansari, Yassamin [D-AZ-3]",D,,False,False,False,False
119,HR,5657,https://api.congress.gov/v3/bill/119/hr/5657?format=xml,Fair Pay for Federal Contractors Act of 2025,H,2025-09-30,"Rep. Pressley, Ayanna [D-MA-7]",D,,False,False,False,False
119,HR,5654,https://api.congress.gov/v3/bill/119/hr/5654?format=xml,To provide for interim appropriations for the District of Columbia courts and related agencies with respect to any fiscal year for which appropriations are not otherwise provided for such courts and agencies.,H,2025-09-30,"Del. Norton, Eleanor Holmes [D-DC-At Large]",D,,False,False,False,False
119,HR,5671,https://api.congress.gov/v3/bill/119/hr/5671?format=xml,To amend title XVIII of the Social Security Act to eliminate the coinsurance requirement for certain colorectal cancer screening tests furnished under the Medicare program.,H,2025-09-30,"Rep. Watson Coleman, Bonnie [D-NJ-12]",D,,False,False,False,False
119,HR,5669,https://api.congress.gov/v3/bill/119/hr/5669?format=xml,To amend the Internal Revenue Code of 1986 to expand the surviving spouse filing status to individuals whose spouses have died within the last five taxable years.,H,2025-09-30,"Rep. Van Drew, Jefferson [R-NJ-2]",R,,False,False,False,False
119,HR,5621,https://api.congress.gov/v3/bill/119/hr/5621?format=xml,Physical Therapist Workforce and Patient Access Act of 2025,H,2025-09-30,"Rep. DeGette, Diana [D-CO-1]",D,,False,False,False,False
119,HR,5667,https://api.congress.gov/v3/bill/119/hr/5667?format=xml,To provide for continued operation of the Federal Aviation Administration in the event of a lapse in appropriation.,H,2025-09-30,"Rep. Van Drew, Jefferson [R-NJ-2]",R,,False,False,False,False
119,HR,5670,https://api.congress.gov/v3/bill/119/hr/5670?format=xml,"To amend title 49, United States Code, with respect to commercial driver's license requirements, and for other purposes.",H,2025-09-30,"Rep. Van Duyne, Beth [R-TX-24]",R,,False,False,False,False
119,HR,5625,https://api.congress.gov/v3/bill/119/hr/5625?format=xml,Cashless Bail Reporting Act,H,2025-09-30,"Rep. Harris, Mark [R-NC-8]",R,,False,False,False,False
119,HR,5666,https://api.congress.gov/v3/bill/119/hr/5666?format=xml,To provide for continued operation of the Coast Guard in the event of a lapse in appropriation.,H,2025-09-30,"Rep. Van Drew, Jefferson [R-NJ-2]",R,,False,False,False,False
119,HR,5663,https://api.congress.gov/v3/bill/119/hr/5663?format=xml,"To modify the termination of the aviation consumer protection advisory committee, and for other purposes.",H,2025-09-30,"Rep. Titus, Dina [D-NV-1]",D,,False,False,False,False
119,HR,5645,https://api.congress.gov/v3/bill/119/hr/5645?format=xml,"To establish a Federal Clearinghouse on Safety and Best Practices for Nonprofit Organizations, Faith-based Organizations, and Houses of Worship within the Department of Homeland Security, and for other purposes.",H,2025-09-30,"Rep. Meng, Grace [D-NY-6]",D,,False,False,False,False
119,HR,5661,https://api.congress.gov/v3/bill/119/hr/5661?format=xml,"To amend the Federal Water Pollution Control Act to consider the use of resource preservation techniques in certain programs, and for other purposes.",H,2025-09-30,"Rep. Sykes, Emilia Strong [D-OH-13]",D,,False,False,False,False
119,HRES,777,https://api.congress.gov/v3/bill/119/hres/777?format=xml,Commending the Council of Europe for its efforts in seeking justice for the people of Ukraine in response to Russian crime of aggression and other international crimes.,H,2025-09-30,"Rep. Kaptur, Marcy [D-OH-9]",D,,False,False,False,False
119,HR,5624,https://api.congress.gov/v3/bill/119/hr/5624?format=xml,No Funding for Lawless Jurisdictions Act,H,2025-09-30,"Rep. Harris, Mark [R-NC-8]",R,,False,False,False,False
119,HR,5618,https://api.congress.gov/v3/bill/119/hr/5618?format=xml,Housing PLUS Act of 2025,H,2025-09-30,"Rep. Barr, Andy [R-KY-6]",R,,False,False,False,False
119,HR,5664,https://api.congress.gov/v3/bill/119/hr/5664?format=xml,"To establish the Artist Compensation Royalty Fund, and for other purposes.",H,2025-09-30,"Rep. Tlaib, Rashida [D-MI-12]",D,,False,False,False,False
119,HRES,781,https://api.congress.gov/v3/bill/119/hres/781?format=xml,"Expressing support for the designation of October 1, 2025, as ""National Animal Rescue Day"" to create awareness of the importance of animal adoption, to educate on the importance of spaying and neutering animals, and to encourage animal adoptions throughout the United States.",H,2025-09-30,"Rep. Norcross, Donald [D-NJ-1]",D,,False,False,False,False
119,HR,5659,https://api.congress.gov/v3/bill/119/hr/5659?format=xml,To require enforcement against misbranded egg alternatives.,H,2025-09-30,"Rep. Stefanik, Elise M. [R-NY-21]",R,,False,False,False,False
119,HR,5647,https://api.congress.gov/v3/bill/119/hr/5647?format=xml,"To amend subpart 1 of part B of title IV of the Social Security Act to require States, as a condition of Federal support for child welfare services programs, to facilitate access to advocates and advocacy resources for parents in any child welfare case or interaction involving a child of the parent, and for other purposes.",H,2025-09-30,"Rep. Moore, Barry [R-AL-1]",R,,False,False,False,False
119,HR,5662,https://api.congress.gov/v3/bill/119/hr/5662?format=xml,To amend title XIX of the Social Security Act to remove the exclusion from medical assistance under the Medicaid program of items and services for patients in an institution for mental diseases.,H,2025-09-30,"Rep. Thanedar, Shri [D-MI-13]",D,,False,False,False,False
119,HRES,775,https://api.congress.gov/v3/bill/119/hres/775?format=xml,"Supporting the designation of September 2025 as ""National Ovarian Cancer Awareness Month"".",H,2025-09-30,"Rep. DeLauro, Rosa L. [D-CT-3]",D,,False,False,False,False
119,HRES,782,https://api.congress.gov/v3/bill/119/hres/782?format=xml,"Expressing condolences and support for the victims of the July 4 flooding in Texas, honoring acts of heroism, and committing to stand with those impacted by these floods.",H,2025-09-30,"Rep. Roy, Chip [R-TX-21]",R,,False,False,False,False
119,S,2941,https://api.congress.gov/v3/bill/119/s/2941?format=xml,A bill to discontinue certain exceptions from H-1B nonimmigrant visa numerical limitation.,S,2025-09-30,"Sen. Cotton, Tom [R-AR]",R,,False,False,False,False
119,S,2939,https://api.congress.gov/v3/bill/119/s/2939?format=xml,A bill to establish universal child care and early learning programs.,S,2025-09-30,"Sen. Warren, Elizabeth [D-MA]",D,,False,False,False,False
119,S,2940,https://api.congress.gov/v3/bill/119/s/2940?format=xml,A bill to amend the Internal Revenue Code of 1986 to include optional practical training for F-1 visa holders and employment for purposes of taxes under the Federal Insurance Contribution Act and the Social Security Act.,S,2025-09-30,"Sen. Cotton, Tom [R-AR]",R,,False,False,False,False
119,HR,3838,https://api.congress.gov/v3/bill/119/hr/3838?format=xml,Streamlining Procurement for Effective Execution and Delivery and National Defense Authorization Act for Fiscal Year 2026,H,2025-06-09,"Rep. Rogers, Mike D. [R-AL-3]",R,Armed Forces and National Security,False,True,False,False
119,SRES,420,https://api.congress.gov/v3/bill/119/sres/420?format=xml,"A resolution supporting the designation of September 19, 2025, as ""National Concussion Awareness Day"".",S,2025-09-29,"Sen. Hassan, Margaret Wood [D-NH]",D,,True,False,False,False
119,SRES,418,https://api.congress.gov/v3/bill/119/sres/418?format=xml,"A resolution expressing support for the designation of the week of September 20 through September 27, 2025, as ""National Estuaries Week"".",S,2025-09-19,"Sen. Whitehouse, Sheldon [D-RI]",D,Environmental Protection,True,False,False,False
119,S,2938,https://api.congress.gov/v3/bill/119/s/2938?format=xml,Artificial Intelligence Risk Evaluation Act of 2025,S,2025-09-29,"Sen. Hawley, Josh [R-MO]",R,,False,False,False,False
119,S,2806,https://api.congress.gov/v3/bill/119/s/2806?format=xml,Eliminate Shutdowns Act,S,2025-09-15,"Sen. Johnson, Ron [R-WI]",R,Economics and Public Finance,False,False,False,False
119,SRES,421,https://api.congress.gov/v3/bill/119/sres/421?format=xml,"A resolution urging the executive branch and leaders of the G7 and the European Union to seize sovereign assets of the Russian Federation under the jurisdiction of members of the G7 and disburse such assets to Ukraine in tranches of not less than $10,000,000,000 United States dollars per month until expended.",S,2025-09-29,"Sen. Kennedy, John [R-LA]",R,,False,False,False,False
119,S,2936,https://api.congress.gov/v3/bill/119/s/2936?format=xml,Stop ANTIFA Act of 2025,S,2025-09-29,"Sen. Scott, Rick [R-FL]",R,,False,False,False,False
119,S,2937,https://api.congress.gov/v3/bill/119/s/2937?format=xml,AI LEAD Act,S,2025-09-29,"Sen. Durbin, Richard J. [D-IL]",D,,False,False,False,False
119,SRES,419,https://api.congress.gov/v3/bill/119/sres/419?format=xml,"A resolution expressing support for the designation of September 2025 as ""Hawaiian History Month"" to recognize the history, culture and contributions of Native Hawaiians and reaffirm the United States Federal trust responsibility to the Native Hawaiian Community to support their well-being.",S,2025-09-29,"Sen. Schatz, Brian [D-HI]",D,,False,False,False,False
119,S,2935,https://api.congress.gov/v3/bill/119/s/2935?format=xml,Sovereign Enforcement Integrity Act of 2025,S,2025-09-29,"Sen. Scott, Rick [R-FL]",R,,False,False,False,False
